ID,種類,地域,市区町村コード,都道府県名,市区町村名,地区名,最寄駅：名称,最寄駅：距離（分）,間取り,面積（㎡）,土地の形状,間口,延床面積（㎡）,建築年,建物の構造,用途,今後の利用目的,前面道路：方位,前面道路：種類,前面道路：幅員（ｍ）,都市計画,建ぺい率（％）,容積率（％）,取引時点,改装,取引の事情等,取引価格（総額）_log
19000813,中古マンション等,,19201,山梨県,甲府市,川田町,石和温泉,10,２ＬＤＫ,40,,,,平成6年,ＲＣ,住宅,,,,,市街化調整区域,70.0,400.0,2017年第3四半期,改装済,,6.863322860120456
19023200,中古マンション等,,19201,山梨県,甲府市,中央,甲府,18,１Ｋ,20,,,,平成3年,鉄骨造,住宅,,,,,商業地域,80.0,400.0,2013年第1四半期,改装済,,6.176091259055681
19017148,中古マンション等,,19201,山梨県,甲府市,城東,金手,11,３ＬＤＫ,55,,,,平成5年,ＲＣ,住宅,,,,,第２種住居地域,60.0,200.0,2015年第3四半期,,,6.544068044350276
19011943,中古マンション等,,19201,山梨県,甲府市,大里町,国母,26,２ＬＤＫ,65,,,,平成6年,ＲＣ,住宅,住宅,,,,第２種中高層住居専用地域,60.0,200.0,2014年第2四半期,改装済,,7.2552725051033065
19013018,中古マンション等,,19201,山梨県,甲府市,丸の内,甲府,11,３ＬＤＫ,75,,,,平成21年,ＲＣ,住宅,,,,,商業地域,80.0,400.0,2010年第1四半期,未改装,,7.204119982655925
19012140,中古マンション等,,19201,山梨県,甲府市,城東,善光寺,6,３ＬＤＫ,55,,,,平成3年,ＲＣ,住宅,住宅,,,,準工業地域,60.0,200.0,2014年第3四半期,,,6.799340549453582
19025418,中古マンション等,,19201,山梨県,甲府市,下石田,甲府,30分?60分,３ＬＤＫ,70,,,,平成10年,ＲＣ,住宅,,,,,第１種住居地域,60.0,200.0,2009年第2四半期,未改装,,7.113943352306837
19028731,中古マンション等,,19201,山梨県,甲府市,若松町,甲府,21,３ＬＤＫ,95,,,,平成18年,ＲＣ,住宅,,,,,商業地域,80.0,400.0,2008年第3四半期,未改装,,7.477121254719663
19017182,中古マンション等,,19201,山梨県,甲府市,城東,善光寺,6,３ＬＤＫ,55,,,,平成3年,ＲＣ,住宅,住宅,,,,準工業地域,60.0,200.0,2015年第1四半期,未改装,,6.3222192947339195
19020626,中古マンション等,,19201,山梨県,甲府市,国母,甲府,30分?60分,２ＬＤＫ,50,,,,昭和49年,ＲＣ,住宅,,,,,第１種住居地域,60.0,200.0,2012年第2四半期,未改装,,6.544068044350276
19013582,中古マンション等,,19201,山梨県,甲府市,川田町,石和温泉,9,３ＤＫ,50,,,,平成6年,ＲＣ,住宅,,,,,市街化調整区域,60.0,200.0,2011年第3四半期,改装済,,6.903089986991944
19028449,中古マンション等,,19201,山梨県,甲府市,城東,甲府,26,２ＬＤＫ,60,,,,平成5年,ＲＣ,住宅,,,,,第２種住居地域,60.0,200.0,2008年第1四半期,改装済,,6.913813852383717
19028736,中古マンション等,,19201,山梨県,甲府市,若松町,甲府,25,３ＬＤＫ,70,,,,平成18年,ＲＣ,住宅,,,,,商業地域,80.0,400.0,2007年第3四半期,未改装,,7.3979400086720375
19013732,中古マンション等,,19201,山梨県,甲府市,国母,国母,6,３ＬＤＫ,85,,,,平成12年,ＲＣ,住宅,,,,,第１種住居地域,60.0,200.0,2011年第2四半期,未改装,,7.113943352306837
19013008,中古マンション等,,19201,山梨県,甲府市,丸の内,甲府,9,３ＬＤＫ,100,,,,平成22年,ＲＣ,住宅,,,,,商業地域,80.0,600.0,2010年第2四半期,改装済,,7.491361693834273
19002292,中古マンション等,,19201,山梨県,甲府市,丸の内,甲府,8,１Ｒ,15,,,,昭和63年,ＳＲＣ,住宅,その他,,,,商業地域,80.0,400.0,2016年第3四半期,未改装,,6.041392685158225
19012960,中古マンション等,,19201,山梨県,甲府市,丸の内,甲府,8,３ＬＤＫ,90,,,,平成22年,ＲＣ,住宅,,,,,商業地域,80.0,600.0,2010年第3四半期,,,7.4623979978989565
19012959,中古マンション等,,19201,山梨県,甲府市,丸の内,甲府,8,３ＬＤＫ,95,,,,平成22年,ＲＣ,住宅,,,,,商業地域,80.0,600.0,2010年第3四半期,改装済,,7.5910646070264995
19012973,中古マンション等,,19201,山梨県,甲府市,丸の内,甲府,8,３ＬＤＫ,70,,,,平成22年,ＲＣ,住宅,,,,,商業地域,80.0,600.0,2010年第3四半期,未改装,,7.4623979978989565
19012049,中古マンション等,,19201,山梨県,甲府市,国母,甲府,30分?60分,１Ｒ,55,,,,昭和49年,ＲＣ,住宅,住宅,,,,第１種住居地域,60.0,200.0,2014年第2四半期,未改装,,6.301029995663981
19001203,中古マンション等,,19201,山梨県,甲府市,里吉,南甲府,15,３ＬＤＫ,70,,,,平成8年,ＲＣ,,住宅,,,,準工業地域,60.0,200.0,2018年第2四半期,未改装,,7.079181246047625
19011875,中古マンション等,,19201,山梨県,甲府市,青沼,南甲府,14,４ＬＤＫ,85,,,,平成18年,ＲＣ,住宅,その他,,,,第１種住居地域,60.0,200.0,2014年第2四半期,,,7.3222192947339195
19002282,中古マンション等,,19201,山梨県,甲府市,丸の内,甲府,10,４ＬＤＫ,90,,,,平成19年,ＲＣ,住宅,,,,,商業地域,80.0,400.0,2017年第2四半期,未改装,,7.3222192947339195
19012013,中古マンション等,,19201,山梨県,甲府市,北口,甲府,3,３ＤＫ,55,,,,平成8年,ＳＲＣ,住宅,住宅,,,,商業地域,80.0,400.0,2014年第3四半期,改装済,,7.146128035678238
19024887,中古マンション等,,19201,山梨県,甲府市,朝日,甲府,6,１Ｋ,15,,,,昭和63年,ＳＲＣ,住宅,,,,,商業地域,80.0,400.0,2009年第4四半期,未改装,,6.176091259055681
19000074,中古マンション等,,19201,山梨県,甲府市,青葉町,南甲府,9,４ＤＫ,70,,,,平成3年,ＳＲＣ,住宅,住宅,,,,準工業地域,60.0,200.0,2020年第1四半期,未改装,,6.7923916894982534
19000820,中古マンション等,,19201,山梨県,甲府市,川田町,石和温泉,11,２ＬＤＫ,50,,,,平成6年,ＲＣ,住宅,住宅,,,,市街化調整区域,60.0,200.0,2016年第3四半期,未改装,,6.832508912706237
19014189,中古マンション等,,19201,山梨県,甲府市,中央,甲府,18,１Ｋ,20,,,,平成3年,鉄骨造,住宅,,,,,商業地域,80.0,400.0,2011年第4四半期,改装済,,5.477121254719663
19025780,中古マンション等,,19201,山梨県,甲府市,南口町,南甲府,1,３ＬＤＫ,75,,,,平成11年,ＲＣ,住宅,,,,,第１種住居地域,60.0,200.0,2009年第2四半期,未改装,,7.079181246047625
19023107,中古マンション等,,19201,山梨県,甲府市,高畑,甲府,29,４ＬＤＫ,115,,,,平成14年,ＲＣ,住宅,,,,,第２種住居地域,60.0,200.0,2013年第1四半期,未改装,,7.361727836017593
19012014,中古マンション等,,19201,山梨県,甲府市,北口,甲府,4,３ＬＤＫ,75,,,,平成11年,ＲＣ,住宅,住宅,,,,商業地域,80.0,400.0,2014年第3四半期,未改装,,7.301029995663981
19028328,中古マンション等,,19201,山梨県,甲府市,国母,甲府,30分?60分,３ＬＤＫ,75,,,,平成10年,ＲＣ,住宅,,,,,第１種住居地域,60.0,200.0,2007年第3四半期,,,7.146128035678238
19020544,中古マンション等,,19201,山梨県,甲府市,川田町,石和温泉,10,３ＬＤＫ,60,,,,平成6年,ＲＣ,住宅,,,,,市街化調整区域,70.0,400.0,2012年第4四半期,未改装,,6.977723605288848
19012990,中古マンション等,,19201,山梨県,甲府市,丸の内,甲府,8,２ＬＤＫ,60,,,,平成22年,ＲＣ,住宅,,,,,商業地域,80.0,600.0,2010年第3四半期,未改装,,7.278753600952829
19028276,中古マンション等,,19201,山梨県,甲府市,川田町,石和温泉,10,１Ｋ,25,,,,平成6年,ＲＣ,住宅,,,,,市街化調整区域,60.0,200.0,2007年第3四半期,未改装,,6.531478917042255
19014405,中古マンション等,,19201,山梨県,甲府市,丸の内,甲府,6,３ＬＤＫ,75,,,,平成18年,ＲＣ,住宅,,,,,商業地域,80.0,600.0,2011年第1四半期,未改装,,7.301029995663981
19012178,中古マンション等,,19201,山梨県,甲府市,朝日,甲府,8,１Ｋ,15,,,,昭和63年,ＳＲＣ,住宅,,,,,商業地域,80.0,400.0,2010年第2四半期,未改装,,5.8061799739838875
19013934,中古マンション等,,19201,山梨県,甲府市,城東,甲府,26,３ＬＤＫ,55,,,,平成5年,ＲＣ,住宅,,,,,第２種住居地域,60.0,200.0,2011年第2四半期,未改装,,6.799340549453582
19000014,中古マンション等,,19201,山梨県,甲府市,相生,甲府,16,３ＬＤＫ,75,,,,平成31年,ＲＣ,住宅,住宅,,,,商業地域,80.0,400.0,2020年第3四半期,改装済,,7.477121254719663
19001602,中古マンション等,,19201,山梨県,甲府市,善光寺,善光寺,6,１Ｋ,15,,,,平成3年,鉄骨造,住宅,住宅,,,,第１種中高層住居専用地域,60.0,200.0,2017年第2四半期,改装済,,6.079181246047625
19000090,中古マンション等,,19201,山梨県,甲府市,青葉町,南甲府,6,３ＬＤＫ,70,,,,平成3年,ＲＣ,住宅,住宅,,,,準工業地域,60.0,200.0,2016年第1四半期,未改装,,6.826074802700826
19012963,中古マンション等,,19201,山梨県,甲府市,丸の内,甲府,8,３ＬＤＫ,90,,,,平成22年,ＳＲＣ,住宅,,,,,商業地域,80.0,600.0,2010年第3四半期,未改装,,7.491361693834273
19000149,中古マンション等,,19201,山梨県,甲府市,朝日,甲府,7,１Ｋ,15,,,,昭和63年,ＳＲＣ,,住宅,,,,商業地域,80.0,400.0,2020年第1四半期,未改装,,5.8750612633917
19021205,中古マンション等,,19201,山梨県,甲府市,湯村,甲府,30分?60分,４ＬＤＫ,85,,,,平成16年,ＳＲＣ,住宅,,,,,商業地域,80.0,400.0,2012年第2四半期,未改装,,7.3222192947339195
19022969,中古マンション等,,19201,山梨県,甲府市,下石田,甲府,30分?60分,３ＬＤＫ,75,,,,平成10年,ＲＣ,住宅,,,,,第１種住居地域,60.0,200.0,2013年第4四半期,未改装,,7.204119982655925
19014021,中古マンション等,,19201,山梨県,甲府市,住吉,南甲府,5,４ＬＤＫ,65,,,,平成2年,ＲＣ,住宅,,,,,第１種住居地域,60.0,200.0,2011年第2四半期,改装済,,7.0
19002256,中古マンション等,,19201,山梨県,甲府市,丸の内,甲府,7,３ＬＤＫ,75,,,,平成18年,ＲＣ,住宅,住宅,,,,商業地域,80.0,600.0,2019年第1四半期,改装済,,7.278753600952829
19020306,中古マンション等,,19201,山梨県,甲府市,朝日,甲府,9,３ＬＤＫ,65,,,,平成15年,ＲＣ,住宅,,,,,商業地域,80.0,400.0,2012年第4四半期,未改装,,7.230448921378274
19002371,中古マンション等,,19201,山梨県,甲府市,宮前町,甲府,10,３ＬＤＫ,60,,,,平成5年,ＲＣ,住宅,住宅,,,,第２種住居地域,60.0,200.0,2020年第2四半期,,,7.146128035678238
19012169,中古マンション等,,19201,山梨県,甲府市,朝日,甲府,8,１Ｋ,15,,,,昭和63年,ＳＲＣ,住宅,,,,,商業地域,80.0,400.0,2010年第4四半期,改装済,,6.204119982655925
19002253,中古マンション等,,19201,山梨県,甲府市,丸の内,甲府,4,２ＬＤＫ,65,,,,平成19年,ＲＣ,住宅,住宅,,,,商業地域,80.0,600.0,2019年第2四半期,未改装,,7.447158031342219
19021083,中古マンション等,,19201,山梨県,甲府市,丸の内,甲府,9,１Ｋ,15,,,,昭和63年,ＳＲＣ,住宅,,,,,商業地域,80.0,400.0,2012年第1四半期,未改装,,6.176091259055681
19028482,中古マンション等,,19201,山梨県,甲府市,善光寺,甲府,30分?60分,１Ｋ,15,,,,平成3年,鉄骨造,住宅,,,,,第１種中高層住居専用地域,60.0,200.0,2007年第2四半期,未改装,,5.778151250383644
19012998,中古マンション等,,19201,山梨県,甲府市,丸の内,甲府,10,３ＬＤＫ,70,,,,平成21年,ＲＣ,住宅,,,,,商業地域,80.0,400.0,2010年第2四半期,,,7.301029995663981
19013027,中古マンション等,,19201,山梨県,甲府市,丸の内,甲府,11,３ＬＤＫ,70,,,,平成21年,ＲＣ,住宅,,,,,商業地域,80.0,400.0,2010年第1四半期,未改装,,7.2552725051033065
19002377,中古マンション等,,19201,山梨県,甲府市,宮前町,甲府,11,４ＬＤＫ,85,,,,平成5年,ＲＣ,,住宅,,,,第２種住居地域,60.0,200.0,2018年第1四半期,未改装,,7.176091259055681
19023026,中古マンション等,,19201,山梨県,甲府市,城東,善光寺,6,２ＬＤＫ,50,,,,平成3年,ＲＣ,住宅,,,,,準工業地域,60.0,200.0,2013年第1四半期,改装済,,6.740362689494244
19002246,中古マンション等,,19201,山梨県,甲府市,丸の内,甲府,10,３ＬＤＫ,75,,,,平成19年,ＲＣ,,,,,,商業地域,80.0,400.0,2020年第1四半期,未改装,,6.278753600952829
19023078,中古マンション等,,19201,山梨県,甲府市,善光寺,善光寺,8,１Ｋ,15,,,,平成3年,鉄骨造,住宅,,,,,第１種中高層住居専用地域,60.0,200.0,2013年第3四半期,改装済,,6.041392685158225
19025761,中古マンション等,,19201,山梨県,甲府市,丸の内,甲府,10,１ＤＫ,15,,,,昭和63年,ＳＲＣ,住宅,,,,,商業地域,80.0,400.0,2009年第3四半期,未改装,,6.278753600952829
19000283,中古マンション等,,19201,山梨県,甲府市,伊勢,甲府,29,２ＬＤＫ,60,,,,平成2年,ＲＣ,住宅,住宅,,,,第１種住居地域,60.0,200.0,2016年第2四半期,改装済,,6.845098040014257
19001444,中古マンション等,,19201,山梨県,甲府市,城東,善光寺,5,３ＬＤＫ,65,,,,平成3年,ＲＣ,住宅,住宅,,,,準工業地域,60.0,200.0,2020年第4四半期,未改装,,6.8750612633917
19013255,中古マンション等,,19201,山梨県,甲府市,朝日,甲府,8,１Ｒ,20,,,,昭和63年,ＳＲＣ,住宅,,,,,商業地域,80.0,400.0,2011年第2四半期,未改装,,6.0
19000182,中古マンション等,,19201,山梨県,甲府市,朝日,甲府,6,１Ｋ,15,,,,昭和63年,ＳＲＣ,住宅,住宅,,,,商業地域,80.0,400.0,2016年第1四半期,,,6.204119982655925
19002242,中古マンション等,,19201,山梨県,甲府市,丸の内,甲府,8,１Ｋ,30,,,,昭和63年,ＳＲＣ,住宅,住宅,,,,商業地域,80.0,400.0,2020年第2四半期,未改装,,6.4623979978989565
19000843,中古マンション等,,19201,山梨県,甲府市,北口,甲府,3,１ＤＫ,40,,,,昭和62年,ＳＲＣ,住宅,住宅,,,,商業地域,80.0,600.0,2016年第2四半期,改装済,,6.447158031342219
19001135,中古マンション等,,19201,山梨県,甲府市,酒折,酒折,10,１Ｋ,20,,,,平成4年,ＲＣ,,その他,,,,市街化調整区域,,,2017年第4四半期,未改装,,6.6020599913279625
19014188,中古マンション等,,19201,山梨県,甲府市,中央,甲府,16,１Ｋ,20,,,,平成5年,ＳＲＣ,住宅,,,,,商業地域,80.0,600.0,2011年第4四半期,未改装,,6.4623979978989565
19014044,中古マンション等,,19201,山梨県,甲府市,善光寺,善光寺,8,１Ｋ,15,,,,平成3年,鉄骨造,住宅,,,,,第１種中高層住居専用地域,60.0,200.0,2011年第4四半期,未改装,,5.954242509439325
19022974,中古マンション等,,19201,山梨県,甲府市,下石田,甲府,30分?60分,３ＬＤＫ,70,,,,戦前,ＲＣ,住宅,,,,,第１種住居地域,60.0,200.0,2013年第1四半期,未改装,調停・競売等,7.146128035678238
19013023,中古マンション等,,19201,山梨県,甲府市,丸の内,甲府,11,３ＬＤＫ,75,,,,平成21年,ＲＣ,住宅,,,,,商業地域,80.0,400.0,2010年第1四半期,未改装,,7.3222192947339195
19012658,中古マンション等,,19201,山梨県,甲府市,城東,善光寺,7,３ＬＤＫ,60,,,,平成3年,ＲＣ,住宅,,,,,準工業地域,60.0,200.0,2010年第4四半期,未改装,,6.672097857935717
19013821,中古マンション等,,19201,山梨県,甲府市,里吉,南甲府,18,３ＬＤＫ,70,,,,平成8年,ＲＣ,住宅,,,,,準工業地域,60.0,200.0,2011年第2四半期,改装済,,6.977723605288848
19012432,中古マンション等,,19201,山梨県,甲府市,川田町,石和温泉,13,２ＬＤＫ,55,,,,平成6年,ＲＣ,住宅,,,,,市街化調整区域,,,2010年第2四半期,改装済,,6.8750612633917
19000816,中古マンション等,,19201,山梨県,甲府市,川田町,石和温泉,10,１ＤＫ,35,,,,平成6年,ＲＣ,住宅,住宅,,,,市街化調整区域,60.0,200.0,2017年第1四半期,未改装,,6.623249290397901
19000172,中古マンション等,,19201,山梨県,甲府市,朝日,甲府,7,１Ｋ,15,,,,昭和63年,ＳＲＣ,住宅,住宅,,,,商業地域,80.0,400.0,2016年第4四半期,未改装,,6.204119982655925
19001096,中古マンション等,,19201,山梨県,甲府市,幸町,南甲府,9,３ＬＤＫ,70,,,,平成9年,ＲＣ,住宅,住宅,,,,準工業地域,60.0,200.0,2020年第3四半期,改装済,,7.146128035678238
19000883,中古マンション等,,19201,山梨県,甲府市,貢川本町,甲府,30分?60分,,70,,,,平成16年,ＲＣ,住宅,事務所,,,,第１種住居地域,60.0,200.0,2019年第2四半期,,,7.2552725051033065
19025415,中古マンション等,,19201,山梨県,甲府市,下石田,甲府,30分?60分,４ＬＤＫ,80,,,,平成10年,ＲＣ,住宅,,,,,第１種住居地域,60.0,200.0,2009年第4四半期,未改装,調停・競売等,6.973127853599698
19017385,中古マンション等,,19201,山梨県,甲府市,中央,金手,5,２ＤＫ,45,,,,昭和50年,ＲＣ,住宅,住宅,,,,商業地域,80.0,400.0,2015年第1四半期,未改装,,6.176091259055681
19012204,中古マンション等,,19201,山梨県,甲府市,善光寺,善光寺,8,１Ｒ,15,,,,平成3年,鉄骨造,住宅,住宅,,,,第１種中高層住居専用地域,60.0,200.0,2014年第4四半期,未改装,,6.2552725051033065
19028107,中古マンション等,,19201,山梨県,甲府市,朝日,甲府,6,１Ｋ,15,,,,昭和63年,ＳＲＣ,住宅,,,,,商業地域,80.0,600.0,2007年第4四半期,未改装,,6.342422680822207
19017462,中古マンション等,,19201,山梨県,甲府市,中央,甲府,16,２ＤＫ,45,,,,平成5年,ＳＲＣ,住宅,住宅,,,,商業地域,80.0,600.0,2015年第2四半期,未改装,,6.929418925714293
19025454,中古マンション等,,19201,山梨県,甲府市,城東,善光寺,6,２ＬＤＫ,50,,,,平成3年,ＲＣ,住宅,,,,,準工業地域,60.0,200.0,2009年第4四半期,未改装,調停・競売等,6.544068044350276
19013007,中古マンション等,,19201,山梨県,甲府市,丸の内,甲府,8,３ＬＤＫ,70,,,,平成22年,ＲＣ,住宅,,,,,商業地域,80.0,600.0,2010年第2四半期,未改装,,7.380211241711606
19020568,中古マンション等,,19201,山梨県,甲府市,貢川本町,甲府,30分?60分,２ＬＤＫ,75,,,,平成16年,ＲＣ,住宅,,,,,第１種住居地域,60.0,200.0,2012年第3四半期,改装済,,7.146128035678238
19000078,中古マンション等,,19201,山梨県,甲府市,青葉町,南甲府,15,３ＬＤＫ,70,,,,,,,住宅,,,,,,,2019年第2四半期,,,6.819543935541868
19001612,中古マンション等,,19201,山梨県,甲府市,善光寺,善光寺,8,１Ｋ,15,,,,平成3年,鉄骨造,住宅,,,,,第１種中高層住居専用地域,60.0,200.0,2016年第1四半期,未改装,,5.812913356642856
19000802,中古マンション等,,19201,山梨県,甲府市,川田町,石和温泉,10,３ＬＤＫ,85,,,,平成6年,ＲＣ,住宅,住宅,,,,市街化調整区域,70.0,400.0,2018年第4四半期,,,7.146128035678238
19000012,中古マンション等,,19201,山梨県,甲府市,相生,甲府,16,３ＬＤＫ,80,,,,平成31年,ＲＣ,住宅,住宅,,,,商業地域,80.0,400.0,2020年第4四半期,未改装,,7.531478917042255
19001945,中古マンション等,,19201,山梨県,甲府市,徳行,甲府,30分?60分,３ＬＤＫ,80,,,,平成19年,ＲＣ,住宅,住宅,,,,準工業地域,60.0,200.0,2020年第2四半期,改装済,,7.301029995663981
19001880,中古マンション等,,19201,山梨県,甲府市,中央,甲府,16,１Ｋ,15,,,,平成5年,ＳＲＣ,住宅,住宅,,,,商業地域,80.0,600.0,2016年第3四半期,未改装,,6.230448921378274
19012269,中古マンション等,,19201,山梨県,甲府市,中央,金手,4,２ＤＫ,45,,,,昭和50年,ＳＲＣ,住宅,,,,,商業地域,80.0,400.0,2014年第1四半期,改装済,,6.491361693834273
19001022,中古マンション等,,19201,山梨県,甲府市,国母,国母,5,３ＬＤＫ,70,,,,平成12年,ＲＣ,,住宅,,,,第１種住居地域,60.0,200.0,2018年第1四半期,未改装,,7.176091259055681
19000016,中古マンション等,,19201,山梨県,甲府市,相生,甲府,15,３ＬＤＫ,75,,,,平成31年,ＲＣ,住宅,住宅,,,,商業地域,80.0,400.0,2020年第3四半期,未改装,,7.477121254719663
19028640,中古マンション等,,19201,山梨県,甲府市,丸の内,甲府,6,１Ｋ,15,,,,昭和63年,ＳＲＣ,住宅,,,,,商業地域,80.0,400.0,2008年第3四半期,未改装,,6.230448921378274
19028268,中古マンション等,,19201,山梨県,甲府市,川田町,石和温泉,10,２ＤＫ,40,,,,平成6年,ＲＣ,住宅,,,,,市街化調整区域,60.0,200.0,2008年第3四半期,未改装,関係者間取引,6.301029995663981
19012798,中古マンション等,,19201,山梨県,甲府市,中央,甲府,18,２ＤＫ,40,,,,平成5年,ＳＲＣ,住宅,,,,,商業地域,80.0,600.0,2010年第4四半期,改装済,,6.812913356642856
19023080,中古マンション等,,19201,山梨県,甲府市,善光寺,善光寺,8,１Ｒ,15,,,,平成3年,鉄骨造,住宅,,,,,第１種中高層住居専用地域,60.0,200.0,2013年第3四半期,未改装,,6.041392685158225
19028675,中古マンション等,,19201,山梨県,甲府市,宮前町,甲府,11,２ＤＫ,45,,,,平成5年,ＲＣ,住宅,,,,,第２種住居地域,60.0,200.0,2008年第4四半期,改装済,,6.954242509439325
19017816,中古マンション等,,19201,山梨県,甲府市,丸の内,甲府,9,３ＬＤＫ,75,,,,平成19年,ＲＣ,住宅,住宅,,,,商業地域,80.0,400.0,2015年第2四半期,未改装,,7.113943352306837
19002296,中古マンション等,,19201,山梨県,甲府市,丸の内,甲府,10,３ＬＤＫ,70,,,,平成19年,ＲＣ,住宅,住宅,,,,商業地域,80.0,400.0,2016年第2四半期,未改装,,7.3979400086720375
19012954,中古マンション等,,19201,山梨県,甲府市,丸の内,甲府,8,３ＬＤＫ,80,,,,平成22年,ＲＣ,住宅,,,,,商業地域,80.0,600.0,2010年第3四半期,未改装,,7.518513939877887
19028676,中古マンション等,,19201,山梨県,甲府市,宮前町,甲府,13,１Ｋ,25,,,,平成5年,ＲＣ,住宅,,,,,第２種住居地域,60.0,200.0,2008年第4四半期,改装済,,6.531478917042255
19012976,中古マンション等,,19201,山梨県,甲府市,丸の内,甲府,9,３ＬＤＫ,75,,,,平成22年,ＲＣ,住宅,,,,,商業地域,80.0,600.0,2010年第3四半期,改装済,,7.4623979978989565
19020569,中古マンション等,,19201,山梨県,甲府市,貢川本町,甲府,30分?60分,４ＬＤＫ,95,,,,平成16年,ＲＣ,住宅,,,,,第１種住居地域,60.0,200.0,2012年第2四半期,未改装,,7.414973347970818
19002272,中古マンション等,,19201,山梨県,甲府市,丸の内,甲府,8,３ＬＤＫ,95,,,,平成22年,ＲＣ,住宅,住宅,,,,商業地域,80.0,600.0,2017年第4四半期,未改装,,7.556302500767287
19025449,中古マンション等,,19201,山梨県,甲府市,城東,甲府,26,２ＬＤＫ,60,,,,平成5年,ＲＣ,住宅,,,,,第２種住居地域,60.0,200.0,2009年第2四半期,改装済,,6.919078092376074
19012663,中古マンション等,,19201,山梨県,甲府市,城東,南甲府,5,３ＬＤＫ,65,,,,平成3年,ＲＣ,住宅,,,,,準工業地域,60.0,200.0,2010年第4四半期,未改装,,6.903089986991944
19000830,中古マンション等,,19201,山梨県,甲府市,北口,甲府,4,２ＬＤＫ,75,,,,平成11年,ＲＣ,住宅,住宅,,,,商業地域,80.0,400.0,2017年第4四半期,改装済,,7.278753600952829
19001197,中古マンション等,,19201,山梨県,甲府市,里吉,南甲府,15,２ＬＤＫ,60,,,,平成8年,ＲＣ,住宅,住宅,,,,準工業地域,60.0,200.0,2019年第1四半期,改装済,,6.9084850188786495
19014401,中古マンション等,,19201,山梨県,甲府市,丸の内,甲府,9,１Ｋ,15,,,,昭和63年,ＳＲＣ,住宅,,,,,商業地域,80.0,400.0,2011年第2四半期,未改装,,6.0
19014576,中古マンション等,,19201,山梨県,甲府市,湯村,甲府,30分?60分,４ＬＤＫ,85,,,,平成16年,ＳＲＣ,住宅,,,,,商業地域,80.0,400.0,2011年第4四半期,改装済,,7.301029995663981
19025386,中古マンション等,,19201,山梨県,甲府市,里吉,南甲府,16,３ＬＤＫ,70,,,,平成8年,ＲＣ,住宅,,,,,準工業地域,60.0,200.0,2009年第3四半期,未改装,,7.0
19014075,中古マンション等,,19201,山梨県,甲府市,高畑,甲府,30分?60分,４ＬＤＫ,95,,,,平成18年,ＲＣ,住宅,,,,,第１種住居地域,60.0,200.0,2011年第3四半期,未改装,,7.361727836017593
19025753,中古マンション等,,19201,山梨県,甲府市,丸の内,甲府,11,３ＬＤＫ,75,,,,平成21年,ＲＣ,住宅,,,,,商業地域,80.0,400.0,2009年第4四半期,未改装,,7.342422680822207
19028368,中古マンション等,,19201,山梨県,甲府市,酒折,酒折,11,４ＤＫ,60,,,,平成5年,ＲＣ,住宅,,,,,市街化調整区域,60.0,200.0,2008年第3四半期,未改装,,6.763427993562937
19023378,中古マンション等,,19201,山梨県,甲府市,宮前町,甲府,11,３ＬＤＫ,60,,,,平成5年,ＲＣ,住宅,,,,,第２種住居地域,60.0,200.0,2013年第2四半期,未改装,,6.826074802700826
19013017,中古マンション等,,19201,山梨県,甲府市,丸の内,甲府,11,３ＬＤＫ,75,,,,平成21年,ＲＣ,住宅,,,,,商業地域,80.0,400.0,2010年第1四半期,未改装,,7.3222192947339195
19020640,中古マンション等,,19201,山梨県,甲府市,国母,国母,6,３ＬＤＫ,70,,,,平成12年,ＲＣ,住宅,,,,,第１種住居地域,60.0,200.0,2012年第3四半期,未改装,,6.954242509439325
19012189,中古マンション等,,19201,山梨県,甲府市,住吉,南甲府,5,２ＬＤＫ,55,,,,平成2年,ＲＣ,住宅,,,,,第１種住居地域,60.0,200.0,2014年第1四半期,改装済,,6.845098040014257
19000839,中古マンション等,,19201,山梨県,甲府市,北口,甲府,4,３ＬＤＫ,70,,,,平成11年,ＲＣ,住宅,住宅,,,,商業地域,80.0,400.0,2016年第3四半期,未改装,,7.2552725051033065
19016717,中古マンション等,,19201,山梨県,甲府市,北口,甲府,3,３ＬＤＫ,45,,,,平成8年,ＳＲＣ,住宅,住宅,,,,商業地域,80.0,400.0,2015年第4四半期,未改装,,6.944482672150168
19012015,中古マンション等,,19201,山梨県,甲府市,北口,甲府,3,,25,,,,昭和61年,ＳＲＣ,住宅,,,,,商業地域,80.0,600.0,2014年第1四半期,改装済,,6.447158031342219
19012168,中古マンション等,,19201,山梨県,甲府市,朝日,甲府,8,１Ｋ,15,,,,昭和63年,ＳＲＣ,住宅,,,,,商業地域,80.0,400.0,2010年第4四半期,未改装,,6.204119982655925
19016193,中古マンション等,,19201,山梨県,甲府市,朝日,甲府,9,３ＬＤＫ,70,,,,平成15年,ＳＲＣ,住宅,住宅,,,,商業地域,80.0,400.0,2015年第1四半期,未改装,,7.342422680822207
19001690,中古マンション等,,19201,山梨県,甲府市,武田,甲府,7,３ＬＤＫ,70,,,,平成25年,ＲＣ,,住宅,,,,商業地域,80.0,400.0,2020年第2四半期,未改装,,7.447158031342219
19028178,中古マンション等,,19201,山梨県,甲府市,大里町,国母,24,３ＬＤＫ,65,,,,平成6年,ＲＣ,住宅,,,,,第２種中高層住居専用地域,60.0,200.0,2007年第2四半期,改装済,,7.041392685158225
19012453,中古マンション等,,19201,山梨県,甲府市,丸の内,甲府,3,３ＬＤＫ,85,,,,平成18年,ＲＣ,住宅,,,,,商業地域,80.0,600.0,2014年第1四半期,改装済,,7.505149978319906
19012144,中古マンション等,,19201,山梨県,甲府市,青沼,南甲府,14,３ＬＤＫ,70,,,,平成18年,ＲＣ,住宅,,,,,第１種住居地域,60.0,200.0,2010年第3四半期,未改装,,7.146128035678238
19012045,中古マンション等,,19201,山梨県,甲府市,国母,甲斐住吉,21,３ＬＤＫ,80,,,,平成10年,ＲＣ,住宅,,,,,第１種住居地域,60.0,200.0,2014年第1四半期,未改装,,7.204119982655925
19023021,中古マンション等,,19201,山梨県,甲府市,城東,善光寺,5,２ＤＫ,40,,,,平成3年,ＲＣ,住宅,,,,,準工業地域,60.0,200.0,2013年第3四半期,未改装,,6.763427993562937
19002007,中古マンション等,,19201,山梨県,甲府市,富竹,甲府,30分?60分,３ＬＤＫ,70,,,,平成19年,ＲＣ,住宅,住宅,,,,準工業地域,60.0,200.0,2018年第2四半期,未改装,,7.2552725051033065
19016722,中古マンション等,,19201,山梨県,甲府市,北口,甲府,3,２ＬＤＫ,65,,,,平成8年,ＳＲＣ,住宅,住宅,,,,商業地域,80.0,400.0,2015年第1四半期,未改装,,7.176091259055681
19012173,中古マンション等,,19201,山梨県,甲府市,朝日,甲府,8,１Ｋ,15,,,,昭和63年,ＳＲＣ,住宅,,,,,商業地域,80.0,400.0,2010年第3四半期,未改装,,6.204119982655925
19025384,中古マンション等,,19201,山梨県,甲府市,里吉,南甲府,14,３ＬＤＫ,70,,,,平成8年,ＲＣ,住宅,,,,,準工業地域,60.0,200.0,2009年第4四半期,未改装,,7.041392685158225
19002263,中古マンション等,,19201,山梨県,甲府市,丸の内,甲府,8,１Ｋ,15,,,,昭和63年,ＳＲＣ,住宅,住宅,,,,商業地域,80.0,400.0,2018年第3四半期,未改装,,6.653212513775344
19001196,中古マンション等,,19201,山梨県,甲府市,里吉,南甲府,21,３ＬＤＫ,60,,,,平成8年,ＲＣ,住宅,住宅,,,,準工業地域,60.0,200.0,2020年第1四半期,未改装,,7.079181246047625
19012307,中古マンション等,,19201,山梨県,甲府市,中央,甲府,18,２ＤＫ,45,,,,平成5年,ＳＲＣ,住宅,,,,,商業地域,80.0,600.0,2014年第3四半期,未改装,,6.8750612633917
19002352,中古マンション等,,19201,山梨県,甲府市,南口町,南甲府,3,３ＬＤＫ,75,,,,平成11年,ＲＣ,住宅,住宅,,,,第１種住居地域,60.0,200.0,2020年第1四半期,未改装,,7.146128035678238
19012185,中古マンション等,,19201,山梨県,甲府市,朝日,甲府,8,１Ｋ,15,,,,昭和63年,ＳＲＣ,住宅,,,,,商業地域,80.0,400.0,2010年第1四半期,改装済,,6.230448921378274
19000804,中古マンション等,,19201,山梨県,甲府市,川田町,石和温泉,10,２ＬＤＫ,85,,,,平成6年,ＲＣ,住宅,住宅,,,,市街化調整区域,70.0,400.0,2018年第3四半期,未改装,,7.079181246047625
19012270,中古マンション等,,19201,山梨県,甲府市,中央,金手,4,２ＤＫ,45,,,,昭和50年,ＳＲＣ,住宅,,,,,商業地域,80.0,400.0,2014年第1四半期,未改装,,6.447158031342219
19021226,中古マンション等,,19201,山梨県,甲府市,若松町,甲府,21,３ＬＤＫ,95,,,,平成18年,ＲＣ,住宅,,,,,商業地域,80.0,400.0,2012年第4四半期,未改装,,7.361727836017593
19023019,中古マンション等,,19201,山梨県,甲府市,城東,善光寺,6,３ＬＤＫ,60,,,,平成3年,ＲＣ,住宅,,,,,準工業地域,60.0,200.0,2013年第4四半期,改装済,,6.977723605288848
19001451,中古マンション等,,19201,山梨県,甲府市,城東,善光寺,5,３ＬＤＫ,65,,,,平成3年,ＲＣ,,住宅,,,,準工業地域,60.0,200.0,2019年第3四半期,未改装,,6.845098040014257
19013694,中古マンション等,,19201,山梨県,甲府市,国母,甲府,30分?60分,３ＬＤＫ,50,,,,昭和49年,ＲＣ,住宅,,,,,第１種住居地域,60.0,200.0,2011年第4四半期,未改装,,6.3979400086720375
19023459,中古マンション等,,19201,山梨県,甲府市,若松町,甲府,21,３ＬＤＫ,70,,,,平成18年,ＲＣ,住宅,,,,,商業地域,80.0,400.0,2013年第2四半期,未改装,,7.3222192947339195
19002277,中古マンション等,,19201,山梨県,甲府市,丸の内,甲府,8,３ＬＤＫ,75,,,,平成22年,ＲＣ,住宅,住宅,,,,商業地域,80.0,600.0,2017年第3四半期,未改装,,7.6127838567197355
19000973,中古マンション等,,19201,山梨県,甲府市,国母,甲府,30分?60分,３ＤＫ,60,,,,昭和49年,ＲＣ,,,,,,第１種住居地域,60.0,200.0,2017年第4四半期,,,6.477121254719663
19012981,中古マンション等,,19201,山梨県,甲府市,丸の内,甲府,9,２ＬＤＫ,60,,,,平成22年,ＲＣ,住宅,,,,,商業地域,80.0,600.0,2010年第3四半期,未改装,,7.301029995663981
19014577,中古マンション等,,19201,山梨県,甲府市,湯村,甲府,30分?60分,４ＬＤＫ,85,,,,平成16年,ＳＲＣ,住宅,,,,,商業地域,80.0,400.0,2011年第3四半期,未改装,,7.176091259055681
19001468,中古マンション等,,19201,山梨県,甲府市,城東,善光寺,5,３ＬＤＫ,65,,,,平成3年,ＲＣ,住宅,住宅,,,,準工業地域,60.0,200.0,2016年第4四半期,未改装,,6.763427993562937
19012272,中古マンション等,,19201,山梨県,甲府市,大里町,甲斐住吉,30分?60分,３ＬＤＫ,55,,,,平成4年,鉄骨造,住宅,,,,,第１種中高層住居専用地域,60.0,200.0,2010年第3四半期,未改装,,6.863322860120456
19028102,中古マンション等,,19201,山梨県,甲府市,朝日,甲府,7,１Ｋ,15,,,,昭和63年,ＳＲＣ,住宅,,,,,商業地域,80.0,400.0,2008年第2四半期,未改装,,6.414973347970818
19012969,中古マンション等,,19201,山梨県,甲府市,丸の内,甲府,8,３ＬＤＫ,70,,,,平成22年,ＳＲＣ,住宅,,,,,商業地域,80.0,600.0,2010年第3四半期,改装済,,7.431363764158987
19012473,中古マンション等,,19201,山梨県,甲府市,南口町,南甲府,2,３ＬＤＫ,75,,,,平成11年,ＲＣ,住宅,住宅,,,,第１種住居地域,60.0,200.0,2014年第3四半期,未改装,,7.041392685158225
19016737,中古マンション等,,19201,山梨県,甲府市,貢川本町,甲府,30分?60分,３ＬＤＫ,75,,,,平成16年,ＲＣ,住宅,住宅,,,,第１種住居地域,60.0,200.0,2015年第1四半期,未改装,,7.278753600952829
19013028,中古マンション等,,19201,山梨県,甲府市,丸の内,甲府,11,３ＬＤＫ,70,,,,平成21年,ＲＣ,住宅,,,,,商業地域,80.0,400.0,2010年第1四半期,未改装,,7.230448921378274
19022575,中古マンション等,,19201,山梨県,甲府市,伊勢,甲府,29,２ＬＤＫ,50,,,,平成2年,ＲＣ,住宅,,,,,第１種住居地域,,,2013年第3四半期,改装済,,6.845098040014257
19000156,中古マンション等,,19201,山梨県,甲府市,朝日,甲府,6,１Ｋ,15,,,,昭和63年,ＳＲＣ,住宅,住宅,,,,商業地域,80.0,400.0,2019年第2四半期,改装済,,6.2552725051033065
19002373,中古マンション等,,19201,山梨県,甲府市,宮前町,甲府,10,３ＬＤＫ,55,,,,平成5年,ＲＣ,住宅,住宅,,,,第２種住居地域,60.0,200.0,2019年第3四半期,未改装,,7.113943352306837
19022877,中古マンション等,,19201,山梨県,甲府市,国母,甲府,30分?60分,４ＬＤＫ,90,,,,平成20年,ＲＣ,住宅,,,,,第２種住居地域,60.0,200.0,2013年第1四半期,未改装,,7.380211241711606
19017474,中古マンション等,,19201,山梨県,甲府市,中央,甲府,15,３ＤＫ,55,,,,昭和50年,ＳＲＣ,住宅,住宅,,,,商業地域,80.0,400.0,2015年第1四半期,未改装,,6.505149978319906
19013330,中古マンション等,,19201,山梨県,甲府市,伊勢,甲府,30分?60分,３ＬＤＫ,65,,,,平成2年,ＲＣ,住宅,,,,,第１種住居地域,60.0,200.0,2011年第1四半期,改装済,,6.698970004336019
19020781,中古マンション等,,19201,山梨県,甲府市,城東,善光寺,5,３ＬＤＫ,70,,,,平成3年,ＲＣ,住宅,,,,,準工業地域,60.0,200.0,2012年第2四半期,未改装,,6.799340549453582
19016196,中古マンション等,,19201,山梨県,甲府市,朝日,甲府,4,１Ｋ,15,,,,昭和63年,ＳＲＣ,住宅,住宅,,,,商業地域,80.0,400.0,2015年第1四半期,,,6.278753600952829
19001703,中古マンション等,,19201,山梨県,甲府市,武田,甲府,6,３ＬＤＫ,75,,,,平成25年,ＲＣ,住宅,住宅,,,,商業地域,80.0,400.0,2016年第1四半期,未改装,,7.491361693834273
19013022,中古マンション等,,19201,山梨県,甲府市,丸の内,甲府,11,３ＬＤＫ,75,,,,平成21年,ＲＣ,住宅,,,,,商業地域,80.0,400.0,2010年第1四半期,改装済,,7.3222192947339195
19028521,中古マンション等,,19201,山梨県,甲府市,中央,金手,6,２ＬＤＫ,55,,,,昭和50年,ＲＣ,住宅,,,,,商業地域,80.0,400.0,2008年第4四半期,未改装,,6.477121254719663
19017041,中古マンション等,,19201,山梨県,甲府市,下飯田,甲府,30分?60分,３ＬＤＫ,70,,,,平成19年,ＲＣ,住宅,住宅,,,,第１種住居地域,60.0,200.0,2015年第3四半期,未改装,,7.361727836017593
19012190,中古マンション等,,19201,山梨県,甲府市,朝日,甲府,8,１Ｋ,20,,,,昭和63年,ＳＲＣ,住宅,,,,,商業地域,80.0,400.0,2010年第1四半期,改装済,,6.176091259055681
19013012,中古マンション等,,19201,山梨県,甲府市,丸の内,甲府,11,４ＬＤＫ,90,,,,平成21年,ＲＣ,住宅,,,,,商業地域,80.0,400.0,2010年第1四半期,未改装,,7.278753600952829
19011893,中古マンション等,,19201,山梨県,甲府市,朝日,甲府,2,１Ｋ,15,,,,昭和63年,ＳＲＣ,住宅,住宅,,,,商業地域,80.0,400.0,2014年第2四半期,未改装,,5.903089986991944
19012984,中古マンション等,,19201,山梨県,甲府市,丸の内,甲府,9,３ＬＤＫ,70,,,,平成22年,ＲＣ,住宅,,,,,商業地域,80.0,600.0,2010年第3四半期,未改装,,7.477121254719663
19020850,中古マンション等,,19201,山梨県,甲府市,善光寺,善光寺,8,１Ｋ,15,,,,平成3年,鉄骨造,住宅,,,,,第１種中高層住居専用地域,60.0,200.0,2012年第2四半期,未改装,,5.929418925714293
19028559,中古マンション等,,19201,山梨県,甲府市,富竹,甲府,30分?60分,２ＬＤＫ,65,,,,平成19年,ＲＣ,住宅,,,,,準工業地域,60.0,200.0,2008年第4四半期,改装済,,7.176091259055681
19001765,中古マンション等,,19201,山梨県,甲府市,中央,金手,9,３ＬＤＫ,65,,,,昭和64年,ＳＲＣ,住宅,住宅,,,,商業地域,80.0,400.0,2017年第4四半期,未改装,,7.041392685158225
19028078,中古マンション等,,19201,山梨県,甲府市,青葉町,南甲府,7,３ＬＤＫ,75,,,,平成3年,ＲＣ,住宅,,,,,準工業地域,60.0,200.0,2008年第4四半期,未改装,,6.903089986991944
19002023,中古マンション等,,19201,山梨県,甲府市,富竹,甲府,30分?60分,３ＬＤＫ,90,,,,,ＲＣ,住宅,住宅,,,,準工業地域,60.0,200.0,2016年第1四半期,未改装,,7.301029995663981
19023342,中古マンション等,,19201,山梨県,甲府市,丸の内,甲府,9,３ＬＤＫ,75,,,,平成18年,ＲＣ,住宅,,,,,商業地域,80.0,400.0,2013年第1四半期,未改装,,7.431363764158987
19001588,中古マンション等,,19201,山梨県,甲府市,善光寺,善光寺,7,１ＤＫ,15,,,,,鉄骨造,,住宅,,,,第１種中高層住居専用地域,60.0,200.0,2020年第3四半期,改装済,,6.3979400086720375
19001030,中古マンション等,,19201,山梨県,甲府市,国母,国母,5,３ＬＤＫ,70,,,,平成12年,ＲＣ,住宅,住宅,,,,第１種住居地域,60.0,200.0,2017年第2四半期,未改装,,7.204119982655925
19017970,中古マンション等,,19201,山梨県,甲府市,湯村,甲府,30分?60分,３ＬＤＫ,70,,,,平成16年,ＳＲＣ,住宅,住宅,,,,商業地域,80.0,400.0,2015年第1四半期,未改装,,7.301029995663981
19012448,中古マンション等,,19201,山梨県,甲府市,丸の内,甲府,8,１Ｋ,15,,,,昭和63年,ＳＲＣ,住宅,住宅,,,,商業地域,80.0,400.0,2014年第3四半期,未改装,,6.176091259055681
19013014,中古マンション等,,19201,山梨県,甲府市,丸の内,甲府,11,３ＬＤＫ,70,,,,平成21年,ＲＣ,住宅,,,,,商業地域,80.0,400.0,2010年第1四半期,未改装,,7.2552725051033065
19002257,中古マンション等,,19201,山梨県,甲府市,丸の内,甲府,8,１Ｋ,20,,,,昭和63年,ＳＲＣ,住宅,その他,,,,商業地域,80.0,400.0,2019年第1四半期,,,6.301029995663981
19028734,中古マンション等,,19201,山梨県,甲府市,若松町,甲府,19,２ＬＤＫ,60,,,,平成18年,ＲＣ,住宅,,,,,商業地域,80.0,400.0,2007年第4四半期,未改装,,7.414973347970818
19022535,中古マンション等,,19201,山梨県,甲府市,朝日,甲府,8,１Ｋ,15,,,,昭和63年,ＳＲＣ,住宅,,,,,商業地域,80.0,400.0,2013年第1四半期,改装済,,6.113943352306837
19012568,中古マンション等,,19201,山梨県,甲府市,酒折,酒折,10,１Ｋ,20,,,,平成2年,ＲＣ,住宅,,,,,市街化調整区域,60.0,200.0,2010年第3四半期,未改装,,5.954242509439325
19001884,中古マンション等,,19201,山梨県,甲府市,中央,甲府,19,１Ｋ,20,,,,平成3年,鉄骨造,住宅,その他,,,,商業地域,80.0,400.0,2016年第2四半期,未改装,,6.0
19012991,中古マンション等,,19201,山梨県,甲府市,丸の内,甲府,9,４ＬＤＫ,80,,,,平成22年,ＲＣ,住宅,,,,,商業地域,80.0,600.0,2010年第3四半期,未改装,,7.431363764158987
19013003,中古マンション等,,19201,山梨県,甲府市,丸の内,甲府,8,４ＬＤＫ,125,,,,平成22年,ＲＣ,住宅,,,,,商業地域,80.0,600.0,2010年第2四半期,未改装,,7.690196080028514
19028273,中古マンション等,,19201,山梨県,甲府市,川田町,石和温泉,10,１ＤＫ,25,,,,平成6年,ＲＣ,住宅,,,,,市街化調整区域,60.0,200.0,2008年第1四半期,,,6.505149978319906
19017045,中古マンション等,,19201,山梨県,甲府市,下飯田,甲府,29,４ＬＤＫ,85,,,,平成21年,ＳＲＣ,住宅,住宅,,,,第１種住居地域,60.0,200.0,2015年第2四半期,未改装,,7.3222192947339195
19016922,中古マンション等,,19201,山梨県,甲府市,幸町,南甲府,8,３ＬＤＫ,70,,,,平成17年,ＲＣ,住宅,住宅,,,,準工業地域,60.0,200.0,2015年第4四半期,未改装,,7.301029995663981
19002237,中古マンション等,,19201,山梨県,甲府市,丸の内,甲府,8,１Ｋ,15,,,,昭和63年,ＳＲＣ,住宅,住宅,,,,商業地域,80.0,400.0,2020年第4四半期,未改装,,6.176091259055681
19001551,中古マンション等,,19201,山梨県,甲府市,住吉,南甲府,4,３ＬＤＫ,55,,,,平成2年,ＲＣ,住宅,住宅,,,,第１種住居地域,60.0,200.0,2019年第1四半期,改装済,,6.812913356642856
19022876,中古マンション等,,19201,山梨県,甲府市,国母,甲府,30分?60分,２ＬＤＫ,50,,,,昭和49年,ＲＣ,住宅,,,,,第１種住居地域,60.0,200.0,2013年第1四半期,未改装,,6.3979400086720375
19000963,中古マンション等,,19201,山梨県,甲府市,国母,甲府,30分?60分,２ＬＤＫ,60,,,,昭和49年,ＲＣ,住宅,住宅,,,,第１種住居地域,60.0,200.0,2019年第4四半期,未改装,,6.361727836017593
19023099,中古マンション等,,19201,山梨県,甲府市,高畑,甲府,28,４ＬＤＫ,95,,,,平成18年,ＲＣ,住宅,,,,,第１種住居地域,60.0,200.0,2013年第4四半期,未改装,,7.414973347970818
19013387,中古マンション等,,19201,山梨県,甲府市,大里町,国母,30分?60分,２ＬＤＫ,60,,,,平成6年,ＲＣ,住宅,,,,,第２種中高層住居専用地域,60.0,200.0,2011年第3四半期,改装済,,6.963787827345556
19000881,中古マンション等,,19201,山梨県,甲府市,貢川本町,甲府,30分?60分,４ＬＤＫ,90,,,,,ＲＣ,住宅,住宅,,,,第１種住居地域,60.0,200.0,2019年第3四半期,未改装,,7.380211241711606
19024862,中古マンション等,,19201,山梨県,甲府市,青沼,南甲府,14,２ＬＤＫ,70,,,,平成18年,ＲＣ,住宅,,,,,第１種住居地域,60.0,200.0,2009年第2四半期,未改装,,7.204119982655925
19023326,中古マンション等,,19201,山梨県,甲府市,丸の内,甲府,8,,15,,,,昭和63年,ＳＲＣ,住宅,,,,,商業地域,80.0,400.0,2013年第4四半期,未改装,,5.954242509439325
19022864,中古マンション等,,19201,山梨県,甲府市,国母,甲斐住吉,23,３ＬＤＫ,75,,,,平成10年,ＲＣ,住宅,,,,,第１種住居地域,60.0,200.0,2013年第2四半期,改装済,,7.0
19016177,中古マンション等,,19201,山梨県,甲府市,朝日,甲府,4,１Ｋ,15,,,,昭和63年,ＳＲＣ,住宅,住宅,,,,商業地域,80.0,400.0,2015年第3四半期,改装済,,6.2552725051033065
19028267,中古マンション等,,19201,山梨県,甲府市,川田町,石和温泉,9,１ＤＫ,25,,,,平成6年,ＲＣ,住宅,,,,,市街化調整区域,60.0,200.0,2008年第3四半期,未改装,,6.568201724066995
19022935,中古マンション等,,19201,山梨県,甲府市,酒折,酒折,8,１Ｋ,20,,,,,ＲＣ,住宅,,,,,市街化調整区域,,,2013年第1四半期,未改装,,6.0
19017820,中古マンション等,,19201,山梨県,甲府市,丸の内,甲府,8,３ＬＤＫ,95,,,,平成22年,ＲＣ,住宅,住宅,,,,商業地域,80.0,600.0,2015年第1四半期,未改装,,7.568201724066995
19013696,中古マンション等,,19201,山梨県,甲府市,国母,甲府,30分?60分,３ＬＤＫ,65,,,,平成20年,ＲＣ,住宅,,,,,第２種住居地域,60.0,200.0,2011年第3四半期,未改装,,7.230448921378274
19024891,中古マンション等,,19201,山梨県,甲府市,朝日,甲府,6,１Ｋ,20,,,,昭和63年,ＳＲＣ,住宅,,,,,商業地域,80.0,400.0,2009年第1四半期,未改装,,6.204119982655925
19016807,中古マンション等,,19201,山梨県,甲府市,国母,甲府,30分?60分,２ＤＫ,50,,,,昭和49年,ＲＣ,住宅,住宅,,,,第１種住居地域,60.0,200.0,2015年第3四半期,改装済,,6.4623979978989565
19001759,中古マンション等,,19201,山梨県,甲府市,中央,金手,5,２ＤＫ,45,,,,,,,住宅,,,,,,,2019年第4四半期,,,6.623249290397901
19028266,中古マンション等,,19201,山梨県,甲府市,川田町,石和温泉,17,１Ｋ,25,,,,平成6年,ＲＣ,住宅,,,,,市街化調整区域,70.0,400.0,2008年第4四半期,未改装,,6.3979400086720375
19000013,中古マンション等,,19201,山梨県,甲府市,相生,甲府,16,３ＬＤＫ,75,,,,平成31年,ＲＣ,住宅,住宅,,,,商業地域,80.0,400.0,2020年第4四半期,未改装,,7.491361693834273
19022784,中古マンション等,,19201,山梨県,甲府市,川田町,石和温泉,13,１ＤＫ,35,,,,平成6年,ＲＣ,住宅,,,,,市街化調整区域,70.0,400.0,2013年第4四半期,改装済,,6.672097857935717
19002243,中古マンション等,,19201,山梨県,甲府市,丸の内,甲府,14,２ＬＤＫ,70,,,,平成27年,ＲＣ,住宅,住宅,,,,商業地域,80.0,400.0,2020年第2四半期,未改装,調停・競売等,7.342422680822207
19028651,中古マンション等,,19201,山梨県,甲府市,丸の内,甲府,8,１Ｋ,20,,,,昭和63年,ＳＲＣ,住宅,,,,,商業地域,80.0,400.0,2007年第2四半期,改装済,,6.447158031342219
19013025,中古マンション等,,19201,山梨県,甲府市,丸の内,甲府,10,３ＬＤＫ,75,,,,昭和21年,ＲＣ,住宅,,,,,商業地域,80.0,400.0,2010年第1四半期,未改装,,7.342422680822207
19028636,中古マンション等,,19201,山梨県,甲府市,丸の内,甲府,7,３ＬＤＫ,70,,,,平成18年,ＲＣ,住宅,,,,,商業地域,80.0,600.0,2008年第4四半期,未改装,,7.278753600952829
19025752,中古マンション等,,19201,山梨県,甲府市,丸の内,甲府,11,３ＬＤＫ,80,,,,平成21年,ＲＣ,住宅,,,,,商業地域,80.0,400.0,2009年第4四半期,未改装,,7.3979400086720375
19013032,中古マンション等,,19201,山梨県,甲府市,丸の内,甲府,10,１ＤＫ,30,,,,昭和63年,ＳＲＣ,住宅,,,,,商業地域,80.0,400.0,2010年第1四半期,,,6.380211241711606
19001876,中古マンション等,,19201,山梨県,甲府市,中央,甲府,16,２ＬＤＫ,40,,,,平成5年,ＳＲＣ,住宅,住宅,,,,商業地域,80.0,600.0,2016年第4四半期,未改装,,6.7923916894982534
19021084,中古マンション等,,19201,山梨県,甲府市,丸の内,甲府,9,１Ｋ,15,,,,昭和63年,ＳＲＣ,住宅,,,,,商業地域,80.0,400.0,2012年第1四半期,未改装,,6.146128035678238
19002252,中古マンション等,,19201,山梨県,甲府市,丸の内,甲府,8,３ＬＤＫ,90,,,,平成22年,ＲＣ,住宅,住宅,,,,商業地域,80.0,600.0,2019年第3四半期,改装済,,7.556302500767287
19001413,中古マンション等,,19201,山梨県,甲府市,城東,金手,8,２ＬＤＫ,55,,,,平成5年,ＲＣ,住宅,住宅,,,,第２種住居地域,60.0,200.0,2018年第3四半期,未改装,,6.944482672150168
19001301,中古マンション等,,19201,山梨県,甲府市,下石田,甲府,30分?60分,３ＬＤＫ,65,,,,,ＲＣ,住宅,住宅,,,,第１種住居地域,60.0,200.0,2017年第2四半期,未改装,,6.8512583487190755
19000148,中古マンション等,,19201,山梨県,甲府市,朝日,甲府,7,,15,,,,昭和63年,ＳＲＣ,住宅,住宅,,,,商業地域,80.0,400.0,2020年第1四半期,未改装,,6.204119982655925
19001860,中古マンション等,,19201,山梨県,甲府市,中央,甲府,16,３ＤＫ,55,,,,昭和64年,ＳＲＣ,住宅,住宅,,,,商業地域,80.0,400.0,2017年第3四半期,改装済,,6.959041392321094
19000826,中古マンション等,,19201,山梨県,甲府市,北口,甲府,4,３ＬＤＫ,75,,,,平成11年,ＲＣ,,住宅,,,,商業地域,80.0,400.0,2019年第2四半期,未改装,,7.301029995663981
19000167,中古マンション等,,19201,山梨県,甲府市,朝日,甲府,6,１Ｋ,15,,,,昭和63年,ＳＲＣ,住宅,その他,,,,商業地域,80.0,400.0,2017年第4四半期,未改装,,6.2552725051033065
19012966,中古マンション等,,19201,山梨県,甲府市,丸の内,甲府,8,３ＬＤＫ,80,,,,平成22年,ＲＣ,住宅,,,,,商業地域,80.0,600.0,2010年第3四半期,未改装,,7.518513939877887
19000814,中古マンション等,,19201,山梨県,甲府市,川田町,石和温泉,10,２ＤＫ,40,,,,平成6年,ＲＣ,住宅,住宅,,,,市街化調整区域,70.0,400.0,2017年第3四半期,未改装,,6.845098040014257
19012078,中古マンション等,,19201,山梨県,甲府市,酒折,酒折,2,４ＬＤＫ,70,,,,平成5年,ＲＣ,住宅,,,,,市街化調整区域,,,2014年第1四半期,未改装,,6.724275869600789
19001305,中古マンション等,,19201,山梨県,甲府市,下石田,甲府,30分?60分,３ＬＤＫ,70,,,,平成10年,ＲＣ,住宅,住宅,,,,第１種住居地域,60.0,200.0,2016年第2四半期,未改装,,7.113943352306837
19020679,中古マンション等,,19201,山梨県,甲府市,酒折,酒折,10,,65,,,,平成5年,ＲＣ,住宅,,,,,市街化調整区域,60.0,200.0,2012年第2四半期,,,6.7160033436347994
19012986,中古マンション等,,19201,山梨県,甲府市,丸の内,甲府,9,３ＬＤＫ,95,,,,平成22年,ＲＣ,住宅,,,,,商業地域,80.0,600.0,2010年第3四半期,未改装,,7.477121254719663
19028103,中古マンション等,,19201,山梨県,甲府市,朝日,甲府,6,１Ｋ,15,,,,昭和63年,ＳＲＣ,住宅,,,,,商業地域,80.0,400.0,2008年第1四半期,,,6.342422680822207
19022799,中古マンション等,,19201,山梨県,甲府市,北口,甲府,3,２ＬＤＫ,60,,,,平成11年,ＲＣ,住宅,,,,,商業地域,80.0,600.0,2013年第3四半期,改装済,,7.176091259055681
19013034,中古マンション等,,19201,山梨県,甲府市,丸の内,甲府,10,３ＬＤＫ,70,,,,平成21年,ＲＣ,住宅,,,,,商業地域,80.0,400.0,2010年第1四半期,改装済,,7.3222192947339195
19000831,中古マンション等,,19201,山梨県,甲府市,北口,甲府,3,１Ｋ,30,,,,昭和61年,ＳＲＣ,住宅,事務所,,,,商業地域,80.0,600.0,2017年第4四半期,未改装,,6.447158031342219
19001783,中古マンション等,,19201,山梨県,甲府市,中央,甲府,16,１Ｋ,20,,,,平成5年,ＳＲＣ,住宅,住宅,,,,商業地域,80.0,600.0,2020年第4四半期,未改装,,6.544068044350276
19000837,中古マンション等,,19201,山梨県,甲府市,北口,甲府,3,２ＬＤＫ,45,,,,平成8年,ＳＲＣ,住宅,住宅,,,,商業地域,80.0,400.0,2016年第3四半期,未改装,,7.041392685158225
19013015,中古マンション等,,19201,山梨県,甲府市,丸の内,甲府,11,４ＬＤＫ,90,,,,平成21年,ＲＣ,住宅,,,,,商業地域,80.0,400.0,2010年第1四半期,改装済,,7.414973347970818
19012567,中古マンション等,,19201,山梨県,甲府市,酒折,酒折,2,１Ｋ,20,,,,平成2年,ＲＣ,住宅,,,,,市街化調整区域,50.0,100.0,2010年第4四半期,未改装,,6.146128035678238
19013256,中古マンション等,,19201,山梨県,甲府市,朝日,甲府,5,１Ｋ,15,,,,昭和63年,ＳＲＣ,住宅,,,,,商業地域,80.0,400.0,2011年第1四半期,改装済,,6.204119982655925
19002356,中古マンション等,,19201,山梨県,甲府市,南口町,南甲府,3,３ＬＤＫ,75,,,,平成11年,ＲＣ,住宅,住宅,,,,第１種住居地域,60.0,200.0,2017年第2四半期,改装済,,7.146128035678238
19014193,中古マンション等,,19201,山梨県,甲府市,中央,甲府,16,１ＬＤＫ,45,,,,昭和50年,ＲＣ,住宅,,,,,商業地域,80.0,400.0,2011年第3四半期,未改装,,6.414973347970818
19024890,中古マンション等,,19201,山梨県,甲府市,朝日,甲府,10,１Ｋ,15,,,,昭和63年,ＳＲＣ,住宅,,,,,商業地域,80.0,400.0,2009年第3四半期,未改装,,6.301029995663981
19001961,中古マンション等,,19201,山梨県,甲府市,徳行,甲府,30分?60分,４ＬＤＫ,80,,,,平成19年,ＲＣ,住宅,住宅,,,,準工業地域,60.0,200.0,2017年第3四半期,未改装,,7.278753600952829
19000285,中古マンション等,,19201,山梨県,甲府市,伊勢,南甲府,19,２ＬＤＫ,50,,,,平成2年,ＲＣ,住宅,住宅,,,,第１種住居地域,60.0,200.0,2020年第4四半期,未改装,,6.698970004336019
19028387,中古マンション等,,19201,山梨県,甲府市,里吉,南甲府,19,３ＬＤＫ,70,,,,平成8年,ＲＣ,住宅,,,,,準工業地域,60.0,200.0,2008年第2四半期,改装済,,6.845098040014257
19012989,中古マンション等,,19201,山梨県,甲府市,丸の内,甲府,8,３ＬＤＫ,95,,,,平成22年,ＲＣ,住宅,,,,,商業地域,80.0,600.0,2010年第3四半期,未改装,,7.477121254719663
19025217,中古マンション等,,19201,山梨県,甲府市,国母,国母,30分?60分,２ＬＤＫ,60,,,,昭和49年,ＲＣ,住宅,,,,,第１種住居地域,60.0,200.0,2009年第1四半期,未改装,調停・競売等,6.278753600952829
19001891,中古マンション等,,19201,山梨県,甲府市,長松寺町,甲府,30分?60分,３ＬＤＫ,70,,,,平成27年,ＲＣ,,住宅,,,,第１種中高層住居専用地域,60.0,200.0,2019年第3四半期,未改装,,7.301029995663981
19001648,中古マンション等,,19201,山梨県,甲府市,高畑,甲府,28,２ＬＤＫ,85,,,,平成18年,ＲＣ,住宅,住宅,,,,第１種住居地域,60.0,200.0,2016年第3四半期,未改装,,7.230448921378274
19001868,中古マンション等,,19201,山梨県,甲府市,中央,甲府,12,３ＬＤＫ,65,,,,昭和64年,ＲＣ,住宅,住宅,,,,商業地域,80.0,400.0,2017年第2四半期,未改装,,7.041392685158225
19000834,中古マンション等,,19201,山梨県,甲府市,北口,甲府,4,３ＬＤＫ,70,,,,平成11年,ＲＣ,住宅,住宅,,,,商業地域,80.0,400.0,2017年第3四半期,未改装,,7.2552725051033065
19012987,中古マンション等,,19201,山梨県,甲府市,丸の内,甲府,9,３ＬＤＫ,95,,,,平成22年,ＲＣ,住宅,,,,,商業地域,80.0,600.0,2010年第3四半期,,,7.568201724066995
19028279,中古マンション等,,19201,山梨県,甲府市,北口,甲府,4,１Ｋ,25,,,,昭和61年,ＳＲＣ,住宅,,,,,商業地域,80.0,600.0,2007年第2四半期,未改装,,6.544068044350276
19028733,中古マンション等,,19201,山梨県,甲府市,若松町,甲府,19,３ＬＤＫ,65,,,,平成18年,ＲＣ,住宅,,,,,商業地域,80.0,400.0,2007年第4四半期,未改装,,7.447158031342219
19001881,中古マンション等,,19201,山梨県,甲府市,中央,甲府,18,１Ｋ,20,,,,平成5年,ＳＲＣ,住宅,住宅,,,,商業地域,80.0,600.0,2016年第3四半期,未改装,,6.278753600952829
19000817,中古マンション等,,19201,山梨県,甲府市,川田町,石和温泉,10,２ＤＫ,40,,,,平成6年,ＲＣ,住宅,住宅,,,,市街化調整区域,70.0,400.0,2017年第1四半期,改装済,,6.845098040014257
19013004,中古マンション等,,19201,山梨県,甲府市,丸の内,甲府,8,２ＬＤＫ,60,,,,平成22年,ＲＣ,住宅,,,,,商業地域,80.0,600.0,2010年第2四半期,未改装,,7.230448921378274
19013050,中古マンション等,,19201,山梨県,甲府市,南口町,南甲府,2,３ＬＤＫ,75,,,,平成11年,ＲＣ,住宅,,,,,第１種住居地域,60.0,200.0,2010年第3四半期,改装済,,7.113943352306837
19002562,中古マンション等,,19201,山梨県,甲府市,若松町,甲府,21,２ＬＤＫ,95,,,,平成18年,ＲＣ,住宅,住宅,,,,商業地域,80.0,400.0,2020年第2四半期,未改装,,7.342422680822207
19001018,中古マンション等,,19201,山梨県,甲府市,国母,国母,5,３ＬＤＫ,80,,,,平成12年,ＲＣ,,住宅,,,,第１種住居地域,60.0,200.0,2018年第2四半期,改装済,,7.278753600952829
19000010,中古マンション等,,19201,山梨県,甲府市,相生,甲府,15,３ＬＤＫ,75,,,,平成31年,ＲＣ,住宅,住宅,,,,商業地域,80.0,400.0,2020年第4四半期,未改装,,7.544068044350276
19022788,中古マンション等,,19201,山梨県,甲府市,川田町,石和温泉,10,３ＬＤＫ,50,,,,平成6年,ＲＣ,住宅,,,,,市街化調整区域,,,2013年第1四半期,改装済,,6.785329835010767
19020476,中古マンション等,,19201,山梨県,甲府市,上石田,甲府,30分?60分,４ＬＤＫ,90,,,,昭和63年,ＲＣ,住宅,,,,,第１種住居地域,60.0,200.0,2012年第3四半期,未改装,,7.176091259055681
19012978,中古マンション等,,19201,山梨県,甲府市,丸の内,甲府,8,３ＬＤＫ,105,,,,平成22年,ＲＣ、鉄骨造,住宅,,,,,商業地域,80.0,600.0,2010年第3四半期,,,7.5910646070264995
19013700,中古マンション等,,19201,山梨県,甲府市,国母,甲府,30分?60分,３ＬＤＫ,75,,,,平成10年,ＲＣ,住宅,,,,,第１種住居地域,60.0,200.0,2011年第1四半期,改装済,,7.079181246047625
19000011,中古マンション等,,19201,山梨県,甲府市,相生,甲府,16,３ＬＤＫ,75,,,,平成31年,ＲＣ,住宅,住宅,,,,商業地域,80.0,400.0,2020年第4四半期,未改装,,7.505149978319906
19001766,中古マンション等,,19201,山梨県,甲府市,中央,金手,5,２ＬＤＫ,60,,,,昭和50年,ＲＣ,住宅,住宅,,,,商業地域,80.0,400.0,2017年第1四半期,未改装,,6.556302500767287
19013942,中古マンション等,,19201,山梨県,甲府市,城東,善光寺,5,３ＬＤＫ,75,,,,平成3年,ＲＣ,住宅,,,,,準工業地域,60.0,200.0,2011年第2四半期,改装済,,6.929418925714293
19001756,中古マンション等,,19201,山梨県,甲府市,中央,金手,5,２ＤＫ,45,,,,昭和50年,ＳＲＣ,住宅,その他,,,,商業地域,80.0,400.0,2020年第1四半期,未改装,,6.431363764158987
19023024,中古マンション等,,19201,山梨県,甲府市,城東,善光寺,5,２ＬＤＫ,50,,,,平成3年,ＲＣ,住宅,,,,,準工業地域,60.0,200.0,2013年第2四半期,未改装,,6.732393759822968
19025779,中古マンション等,,19201,山梨県,甲府市,南口町,南甲府,2,３ＬＤＫ,75,,,,平成11年,ＲＣ,住宅,,,,,第１種住居地域,60.0,200.0,2009年第3四半期,未改装,,6.342422680822207
19000150,中古マンション等,,19201,山梨県,甲府市,朝日,甲府,6,１Ｒ,15,,,,昭和63年,ＳＲＣ,住宅,住宅,,,,商業地域,80.0,400.0,2020年第1四半期,未改装,,6.146128035678238
19012558,中古マンション等,,19201,山梨県,甲府市,若松町,甲府,21,４ＬＤＫ,85,,,,平成18年,ＲＣ,住宅,その他,,,,商業地域,80.0,400.0,2014年第4四半期,,調停・競売等,7.204119982655925
19012782,中古マンション等,,19201,山梨県,甲府市,中央,金手,6,２ＤＫ,45,,,,昭和50年,ＲＣ,住宅,,,,,商業地域,80.0,400.0,2010年第3四半期,改装済,,6.477121254719663
19028678,中古マンション等,,19201,山梨県,甲府市,宮前町,甲府,10,１Ｋ,20,,,,平成5年,ＲＣ,住宅,,,,,第２種住居地域,60.0,200.0,2008年第1四半期,未改装,,6.57978359661681
19028439,中古マンション等,,19201,山梨県,甲府市,城東,金手,9,３ＬＤＫ,55,,,,平成5年,ＲＣ,住宅,,,,,第２種住居地域,60.0,200.0,2008年第4四半期,未改装,,6.929418925714293
19012610,中古マンション等,,19201,山梨県,甲府市,下飯田,甲府,30分?60分,３ＬＤＫ,65,,,,平成21年,ＳＲＣ,住宅,,,,,第１種住居地域,60.0,200.0,2010年第2四半期,改装済,,7.2552725051033065
19002563,中古マンション等,,19201,山梨県,甲府市,若松町,甲府,20,２ＬＤＫ,65,,,,平成18年,ＲＣ,住宅,住宅,,,,商業地域,80.0,400.0,2018年第4四半期,未改装,,7.301029995663981
19028099,中古マンション等,,19201,山梨県,甲府市,朝日,甲府,8,１Ｋ,15,,,,昭和63年,ＳＲＣ,住宅,,,,,商業地域,80.0,400.0,2008年第4四半期,改装済,,6.301029995663981
19001607,中古マンション等,,19201,山梨県,甲府市,善光寺,善光寺,8,１Ｋ,15,,,,平成3年,鉄骨造,住宅,,,,,第１種中高層住居専用地域,60.0,200.0,2016年第3四半期,未改装,,5.544068044350276
19001129,中古マンション等,,19201,山梨県,甲府市,酒折,酒折,3,１Ｋ,20,,,,平成3年,ＲＣ,住宅,住宅,,,,市街化調整区域,,,2018年第4四半期,未改装,,6.2552725051033065
19020683,中古マンション等,,19201,山梨県,甲府市,酒折,酒折,2,４ＤＫ,60,,,,平成5年,ＲＣ,住宅,,,,,市街化調整区域,,,2012年第1四半期,未改装,,6.7160033436347994
19012980,中古マンション等,,19201,山梨県,甲府市,丸の内,甲府,9,３ＬＤＫ,75,,,,平成22年,ＲＣ,住宅,,,,,商業地域,80.0,600.0,2010年第3四半期,未改装,,7.3979400086720375
19028637,中古マンション等,,19201,山梨県,甲府市,丸の内,甲府,9,１Ｋ,15,,,,昭和63年,ＳＲＣ,住宅,,,,,商業地域,80.0,400.0,2008年第4四半期,改装済,,6.301029995663981
19028452,中古マンション等,,19201,山梨県,甲府市,城東,善光寺,6,２ＤＫ,40,,,,平成3年,ＲＣ,住宅,,,,,準工業地域,60.0,200.0,2008年第3四半期,改装済,,6.832508912706237
19001887,中古マンション等,,19201,山梨県,甲府市,中央,甲府,18,１Ｋ,20,,,,平成5年,ＳＲＣ,住宅,住宅,,,,商業地域,80.0,600.0,2016年第1四半期,未改装,,6.623249290397901
19028648,中古マンション等,,19201,山梨県,甲府市,丸の内,甲府,7,２Ｋ,30,,,,昭和63年,ＳＲＣ,住宅,,,,,商業地域,80.0,400.0,2007年第3四半期,未改装,,6.623249290397901
19012102,中古マンション等,,19201,山梨県,甲府市,下石田,甲府,30分?60分,３ＬＤＫ,70,,,,平成10年,ＲＣ,住宅,,,,,第１種住居地域,60.0,200.0,2014年第1四半期,,,7.146128035678238
19028269,中古マンション等,,19201,山梨県,甲府市,川田町,石和温泉,9,２ＬＤＫ,50,,,,平成6年,ＲＣ,住宅,,,,,市街化調整区域,60.0,200.0,2008年第2四半期,未改装,,6.653212513775344
19013586,中古マンション等,,19201,山梨県,甲府市,川田町,石和温泉,10,１ＤＫ,35,,,,平成6年,ＲＣ,住宅,,,,,市街化調整区域,,,2011年第1四半期,未改装,,6.3979400086720375
19028677,中古マンション等,,19201,山梨県,甲府市,宮前町,甲府,11,３ＬＤＫ,55,,,,平成5年,ＲＣ,住宅,,,,,第２種住居地域,60.0,200.0,2008年第2四半期,未改装,調停・競売等,6.838849090737256
19002278,中古マンション等,,19201,山梨県,甲府市,丸の内,甲府,4,３ＬＤＫ,75,,,,平成19年,ＲＣ,住宅,住宅,,,,商業地域,80.0,600.0,2017年第3四半期,未改装,,7.491361693834273
19002267,中古マンション等,,19201,山梨県,甲府市,丸の内,甲府,10,３ＬＤＫ,75,,,,平成19年,ＲＣ,住宅,住宅,,,,商業地域,80.0,400.0,2018年第2四半期,未改装,,7.342422680822207
19001593,中古マンション等,,19201,山梨県,甲府市,善光寺,善光寺,8,１Ｋ,15,,,,平成3年,鉄骨造,,住宅,,,,第１種中高層住居専用地域,60.0,200.0,2019年第3四半期,未改装,,6.041392685158225
19017813,中古マンション等,,19201,山梨県,甲府市,丸の内,甲府,21,４ＬＤＫ,80,,,,平成18年,ＲＣ,住宅,その他,,,,商業地域,80.0,400.0,2015年第3四半期,改装済,,7.380211241711606
19023383,中古マンション等,,19201,山梨県,甲府市,元紺屋町,甲府,14,３ＬＤＫ,85,,,,平成16年,ＲＣ,住宅,,,,,第１種中高層住居専用地域,60.0,200.0,2013年第4四半期,改装済,,7.3222192947339195
19001894,中古マンション等,,19201,山梨県,甲府市,長松寺町,甲府,30分?60分,３ＬＤＫ,80,,,,平成27年,ＳＲＣ,,住宅,,,,第１種中高層住居専用地域,60.0,200.0,2018年第3四半期,未改装,,7.431363764158987
19001450,中古マンション等,,19201,山梨県,甲府市,城東,善光寺,8,３ＬＤＫ,70,,,,平成3年,ＲＣ,住宅,住宅,,,,準工業地域,60.0,200.0,2020年第1四半期,未改装,,6.845098040014257
19022529,中古マンション等,,19201,山梨県,甲府市,朝日,甲府,7,１Ｋ,15,,,,昭和63年,ＳＲＣ,住宅,,,,,商業地域,80.0,400.0,2013年第4四半期,未改装,,6.204119982655925
19000842,中古マンション等,,19201,山梨県,甲府市,北口,甲府,3,１Ｋ,25,,,,昭和61年,ＳＲＣ,住宅,事務所,,,,商業地域,80.0,600.0,2016年第2四半期,未改装,,6.477121254719663
19001447,中古マンション等,,19201,山梨県,甲府市,城東,善光寺,6,２ＬＤＫ,55,,,,,,,住宅,,,,,,,2020年第3四半期,改装済,,6.770852011642144
19028735,中古マンション等,,19201,山梨県,甲府市,若松町,甲府,19,２ＬＤＫ,75,,,,平成18年,ＲＣ,住宅,,,,,商業地域,80.0,400.0,2007年第4四半期,未改装,,7.4623979978989565
19028327,中古マンション等,,19201,山梨県,甲府市,国母,甲府,30分?60分,２ＬＤＫ,55,,,,昭和49年,ＲＣ,住宅,,,,,第１種住居地域,60.0,200.0,2007年第4四半期,未改装,,6.544068044350276
19025742,中古マンション等,,19201,山梨県,甲府市,丸の内,甲府,7,３ＬＤＫ,70,,,,平成18年,ＲＣ,住宅,,,,,商業地域,80.0,600.0,2009年第4四半期,未改装,,7.079181246047625
19016182,中古マンション等,,19201,山梨県,甲府市,朝日,甲府,8,１Ｋ,15,,,,昭和63年,ＳＲＣ,住宅,住宅,,,,商業地域,80.0,400.0,2015年第2四半期,,,6.113943352306837
19001205,中古マンション等,,19201,山梨県,甲府市,里吉,南甲府,15,４ＬＤＫ,80,,,,平成8年,ＲＣ,,住宅,,,,準工業地域,60.0,200.0,2017年第4四半期,未改装,,6.698970004336019
19028737,中古マンション等,,19201,山梨県,甲府市,若松町,甲府,19,４ＬＤＫ,85,,,,平成18年,ＲＣ,住宅,,,,,商業地域,80.0,400.0,2007年第2四半期,未改装,,7.518513939877887
19020866,中古マンション等,,19201,山梨県,甲府市,高畑,甲府,29,３ＬＤＫ,95,,,,平成14年,ＲＣ,住宅,,,,,第２種住居地域,60.0,200.0,2012年第1四半期,未改装,,7.3979400086720375
19025336,中古マンション等,,19201,山梨県,甲府市,酒折,酒折,8,１ＤＫ,25,,,,平成4年,ＲＣ,住宅,,,,,市街化調整区域,60.0,200.0,2009年第4四半期,未改装,,6.204119982655925
19020545,中古マンション等,,19201,山梨県,甲府市,川田町,石和温泉,10,２ＤＫ,50,,,,平成6年,ＲＣ,住宅,,,,,市街化調整区域,,,2012年第4四半期,未改装,調停・競売等,6.447158031342219
19002286,中古マンション等,,19201,山梨県,甲府市,丸の内,甲府,8,１Ｒ,20,,,,昭和63年,ＳＲＣ,住宅,住宅,,,,商業地域,80.0,400.0,2017年第1四半期,未改装,,6.278753600952829
19001784,中古マンション等,,19201,山梨県,甲府市,中央,甲府,12,オープンフロア,280,,,,平成30年,ＲＣ,店舗,店舗,,,,商業地域,80.0,600.0,2020年第4四半期,未改装,,8.041392685158225
19001837,中古マンション等,,19201,山梨県,甲府市,中央,甲府,16,１Ｋ,20,,,,平成5年,ＳＲＣ,,住宅,,,,商業地域,80.0,600.0,2018年第3四半期,未改装,,6.431363764158987
19000367,中古マンション等,,19201,山梨県,甲府市,大里町,国母,29,２ＬＤＫ,60,,,,平成6年,ＲＣ,住宅,住宅,,,,第２種中高層住居専用地域,60.0,200.0,2020年第4四半期,改装済,,6.903089986991944
19028106,中古マンション等,,19201,山梨県,甲府市,朝日,甲府,6,１Ｋ,15,,,,昭和63年,ＳＲＣ,住宅,,,,,商業地域,80.0,600.0,2007年第4四半期,未改装,,6.301029995663981
19016721,中古マンション等,,19201,山梨県,甲府市,北口,甲府,3,１Ｋ,25,,,,昭和62年,ＳＲＣ,住宅,事務所,,,,商業地域,80.0,600.0,2015年第2四半期,改装済,,6.301029995663981
19012993,中古マンション等,,19201,山梨県,甲府市,丸の内,甲府,8,３ＬＤＫ,80,,,,平成22年,ＳＲＣ,住宅,,,,,商業地域,80.0,600.0,2010年第3四半期,未改装,,7.447158031342219
19012221,中古マンション等,,19201,山梨県,甲府市,高畑,甲府,29,４ＬＤＫ,95,,,,平成18年,ＲＣ,住宅,,,,,第２種住居地域,60.0,200.0,2014年第1四半期,未改装,,7.380211241711606
19013933,中古マンション等,,19201,山梨県,甲府市,城東,甲府,26,３ＬＤＫ,70,,,,平成6年,ＲＣ,住宅,,,,,第２種住居地域,60.0,200.0,2011年第4四半期,未改装,,6.903089986991944
19000967,中古マンション等,,19201,山梨県,甲府市,国母,甲府,30分?60分,４ＬＤＫ,90,,,,平成20年,ＲＣ,住宅,住宅,,,,第２種住居地域,60.0,200.0,2018年第4四半期,未改装,,7.278753600952829
19013019,中古マンション等,,19201,山梨県,甲府市,丸の内,甲府,11,３ＬＤＫ,70,,,,平成21年,ＲＣ,住宅,,,,,商業地域,80.0,400.0,2010年第1四半期,未改装,,7.230448921378274
19002565,中古マンション等,,19201,山梨県,甲府市,若松町,甲府,21,３ＬＤＫ,95,,,,平成18年,ＲＣ,住宅,住宅,,,,商業地域,80.0,400.0,2016年第3四半期,改装済,,7.3979400086720375
19028274,中古マンション等,,19201,山梨県,甲府市,川田町,石和温泉,10,１ＬＤＫ,35,,,,平成6年,ＲＣ,住宅,,,,,市街化調整区域,60.0,200.0,2007年第4四半期,未改装,,6.8512583487190755
19001785,中古マンション等,,19201,山梨県,甲府市,中央,甲府,15,３ＬＤＫ,60,,,,昭和64年,ＳＲＣ,住宅,住宅,,,,商業地域,80.0,400.0,2020年第4四半期,未改装,,6.778151250383644
19012950,中古マンション等,,19201,山梨県,甲府市,丸の内,甲府,10,３ＬＤＫ,70,,,,平成21年,ＲＣ,住宅,,,,,商業地域,80.0,400.0,2010年第3四半期,改装済,,7.278753600952829
19012149,中古マンション等,,19201,山梨県,甲府市,青葉町,南甲府,9,,70,,,,平成3年,ＲＣ,住宅,,,,,準工業地域,60.0,200.0,2010年第2四半期,改装済,,6.7558748556724915
19016173,中古マンション等,,19201,山梨県,甲府市,朝日,甲府,8,１Ｋ,20,,,,,ＳＲＣ,住宅,住宅,,,,商業地域,80.0,400.0,2015年第4四半期,,,6.301029995663981
19023375,中古マンション等,,19201,山梨県,甲府市,宮前町,甲府,1H30?2H,３ＬＤＫ,65,,,,平成5年,ＲＣ,住宅,,,,,第２種中高層住居専用地域,60.0,200.0,2013年第4四半期,未改装,,7.204119982655925
19001591,中古マンション等,,19201,山梨県,甲府市,善光寺,善光寺,8,,15,,,,平成3年,ＲＣ,住宅,住宅,,,,第１種中高層住居専用地域,60.0,200.0,2020年第1四半期,未改装,,6.698970004336019
19013458,中古マンション等,,19201,山梨県,甲府市,上石田,甲府,30分?60分,５ＬＤＫ,85,,,,平成6年,ＲＣ,住宅,,,,,第１種住居地域,60.0,200.0,2011年第3四半期,未改装,,7.146128035678238
19022944,中古マンション等,,19201,山梨県,甲府市,里吉,南甲府,15,３ＬＤＫ,70,,,,平成8年,ＲＣ,住宅,,,,,準工業地域,60.0,200.0,2013年第3四半期,改装済,,7.113943352306837
19021085,中古マンション等,,19201,山梨県,甲府市,丸の内,甲府,9,３ＬＤＫ,75,,,,平成18年,ＲＣ,住宅,,,,,商業地域,,,2012年第1四半期,未改装,,7.414973347970818
19002239,中古マンション等,,19201,山梨県,甲府市,丸の内,甲府,8,３ＬＤＫ,90,,,,平成22年,ＲＣ,住宅,住宅,,,,商業地域,80.0,600.0,2020年第3四半期,未改装,,7.544068044350276
19025745,中古マンション等,,19201,山梨県,甲府市,丸の内,甲府,11,３ＬＤＫ,70,,,,平成21年,ＲＣ,住宅,,,,,商業地域,80.0,400.0,2009年第4四半期,未改装,,7.2552725051033065
19001991,中古マンション等,,19201,山梨県,甲府市,富竹,甲府,30分?60分,３ＬＤＫ,75,,,,平成19年,ＲＣ,住宅,住宅,,,,準住居地域,60.0,200.0,2020年第2四半期,改装済,,7.278753600952829
19013030,中古マンション等,,19201,山梨県,甲府市,丸の内,甲府,10,３ＬＤＫ,75,,,,平成19年,ＲＣ,住宅,,,,,商業地域,80.0,400.0,2010年第1四半期,未改装,,7.204119982655925
19020849,中古マンション等,,19201,山梨県,甲府市,善光寺,善光寺,7,１ＤＫ,15,,,,平成3年,鉄骨造,住宅,,,,,第１種中高層住居専用地域,60.0,200.0,2012年第2四半期,,,5.845098040014257
19025338,中古マンション等,,19201,山梨県,甲府市,酒折,酒折,11,１Ｋ,20,,,,平成4年,ＲＣ,住宅,,,,,市街化調整区域,,,2009年第4四半期,改装済,,6.146128035678238
19018004,中古マンション等,,19201,山梨県,甲府市,若松町,甲府,21,３ＬＤＫ,75,,,,平成18年,ＲＣ,住宅,,,,,商業地域,80.0,400.0,2015年第4四半期,未改装,,7.342422680822207
19017379,中古マンション等,,19201,山梨県,甲府市,中央,金手,5,２ＤＫ,45,,,,昭和50年,ＳＲＣ,住宅,事務所,,,,商業地域,80.0,400.0,2015年第4四半期,未改装,,6.623249290397901
19001758,中古マンション等,,19201,山梨県,甲府市,中央,金手,6,２ＤＫ,30,,,,平成5年,鉄骨造,住宅,住宅,,,,商業地域,80.0,400.0,2019年第4四半期,改装済,,6.681241237375588
19025041,中古マンション等,,19201,山梨県,甲府市,上石田,甲府,30分?60分,３ＬＤＫ,75,,,,昭和64年,ＲＣ,住宅,,,,,第１種住居地域,60.0,200.0,2009年第1四半期,未改装,,7.079181246047625
19012222,中古マンション等,,19201,山梨県,甲府市,高畑,甲府,30分?60分,３ＬＤＫ,100,,,,平成18年,ＲＣ,住宅,住宅,,,,第１種住居地域,60.0,200.0,2014年第1四半期,未改装,,7.361727836017593
19022500,中古マンション等,,19201,山梨県,甲府市,青沼,甲府,21,３ＬＤＫ,80,,,,平成18年,ＲＣ,住宅,,,,,第１種住居地域,60.0,200.0,2013年第2四半期,未改装,,7.230448921378274
19017879,中古マンション等,,19201,山梨県,甲府市,宮前町,甲府,11,３ＬＤＫ,65,,,,平成5年,ＲＣ,住宅,住宅,,,,第２種住居地域,60.0,200.0,2015年第2四半期,未改装,,7.079181246047625
19025746,中古マンション等,,19201,山梨県,甲府市,丸の内,甲府,7,３ＬＤＫ,70,,,,平成18年,ＲＣ,住宅,,,,,商業地域,80.0,600.0,2009年第4四半期,未改装,,7.113943352306837
19025211,中古マンション等,,19201,山梨県,甲府市,国母,国母,30分?60分,２ＬＤＫ,55,,,,昭和49年,ＲＣ,住宅,,,,,第１種住居地域,60.0,200.0,2009年第2四半期,改装済,,6.633468455579586
19012239,中古マンション等,,19201,山梨県,甲府市,伊勢,甲府,30分?60分,２ＬＤＫ,50,,,,平成2年,ＲＣ,住宅,,,,,第１種住居地域,60.0,200.0,2010年第1四半期,未改装,調停・競売等,6.556302500767287
19012021,中古マンション等,,19201,山梨県,甲府市,貢川本町,甲府,30分?60分,３ＬＤＫ,70,,,,平成16年,ＲＣ,住宅,住宅,,,,第１種住居地域,60.0,200.0,2014年第4四半期,未改装,,7.2552725051033065
19001696,中古マンション等,,19201,山梨県,甲府市,武田,甲府,12,４ＬＤＫ,80,,,,平成28年,ＲＣ,住宅,住宅,,,,第１種中高層住居専用地域,60.0,200.0,2018年第1四半期,未改装,,7.531478917042255
19000178,中古マンション等,,19201,山梨県,甲府市,朝日,甲府,7,１ＤＫ,15,,,,昭和63年,ＳＲＣ,住宅,その他,,,,商業地域,80.0,400.0,2016年第2四半期,未改装,,6.0
19001148,中古マンション等,,19201,山梨県,甲府市,酒折,酒折,7,１Ｋ,20,,,,,ＲＣ,住宅,住宅,,,,市街化調整区域,,,2016年第2四半期,,,6.2552725051033065
19012951,中古マンション等,,19201,山梨県,甲府市,丸の内,甲府,8,３ＬＤＫ,70,,,,平成22年,ＳＲＣ,住宅,,,,,商業地域,80.0,600.0,2010年第3四半期,未改装,,7.477121254719663
19000789,中古マンション等,,19201,山梨県,甲府市,川田町,石和温泉,10,３ＬＤＫ,85,,,,平成6年,ＳＲＣ,住宅,住宅,,,,市街化調整区域,70.0,400.0,2020年第1四半期,未改装,,7.113943352306837
19013254,中古マンション等,,19201,山梨県,甲府市,朝日,甲府,8,１Ｋ,15,,,,昭和63年,ＳＲＣ,住宅,,,,,商業地域,80.0,400.0,2011年第4四半期,未改装,,6.113943352306837
19013020,中古マンション等,,19201,山梨県,甲府市,丸の内,甲府,11,３ＬＤＫ,75,,,,平成21年,ＲＣ,住宅,,,,,商業地域,80.0,400.0,2010年第1四半期,未改装,,7.3222192947339195
19000838,中古マンション等,,19201,山梨県,甲府市,北口,甲府,3,１Ｋ,25,,,,昭和62年,ＳＲＣ,住宅,住宅,,,,商業地域,80.0,600.0,2016年第3四半期,未改装,,6.301029995663981
19002287,中古マンション等,,19201,山梨県,甲府市,丸の内,甲府,6,３ＬＤＫ,70,,,,平成18年,ＲＣ,住宅,住宅,,,,商業地域,80.0,600.0,2017年第1四半期,未改装,,7.204119982655925
19016352,中古マンション等,,19201,山梨県,甲府市,大里町,甲斐住吉,30分?60分,３ＬＤＫ,55,,,,平成4年,鉄骨造,住宅,住宅,,,,第１種中高層住居専用地域,60.0,200.0,2015年第4四半期,改装済,,6.832508912706237
19028392,中古マンション等,,19201,山梨県,甲府市,里吉,南甲府,15,３ＬＤＫ,70,,,,平成8年,ＲＣ,住宅,,,,,準工業地域,60.0,200.0,2007年第4四半期,未改装,,6.886490725172482
19020713,中古マンション等,,19201,山梨県,甲府市,里吉,南甲府,15,３ＬＤＫ,70,,,,平成8年,ＲＣ,住宅,,,,,準工業地域,60.0,200.0,2012年第4四半期,未改装,,6.968482948553935
19017533,中古マンション等,,19201,山梨県,甲府市,徳行,甲府,30分?60分,４ＬＤＫ,80,,,,平成20年,ＲＣ,住宅,住宅,,,,準工業地域,60.0,200.0,2015年第3四半期,未改装,,7.342422680822207
19013608,中古マンション等,,19201,山梨県,甲府市,北口,甲府,4,１Ｋ,25,,,,昭和61年,ＳＲＣ,住宅,,,,,商業地域,80.0,600.0,2011年第1四半期,改装済,,6.342422680822207
19002513,中古マンション等,,19201,山梨県,甲府市,湯村,甲府,30分?60分,３ＬＤＫ,85,,,,平成16年,ＳＲＣ,住宅,住宅,,,,商業地域,80.0,400.0,2019年第1四半期,未改装,,7.278753600952829
19012965,中古マンション等,,19201,山梨県,甲府市,丸の内,甲府,9,３ＬＤＫ,80,,,,平成22年,ＲＣ,住宅,,,,,商業地域,80.0,600.0,2010年第3四半期,改装済,,7.477121254719663
19025744,中古マンション等,,19201,山梨県,甲府市,丸の内,甲府,11,３ＬＤＫ,70,,,,平成21年,ＲＣ,住宅,,,,,商業地域,80.0,400.0,2009年第4四半期,未改装,,7.278753600952829
19012958,中古マンション等,,19201,山梨県,甲府市,丸の内,甲府,8,３ＬＤＫ,70,,,,平成22年,ＲＣ,住宅,,,,,商業地域,80.0,600.0,2010年第3四半期,未改装,,7.491361693834273
19012956,中古マンション等,,19201,山梨県,甲府市,丸の内,甲府,9,３ＬＤＫ,105,,,,平成22年,ＲＣ,住宅,,,,,商業地域,80.0,600.0,2010年第3四半期,改装済,,7.568201724066995
19000276,中古マンション等,,19201,山梨県,甲府市,伊勢,甲府,30分?60分,２ＬＤＫ,50,,,,平成2年,ＲＣ,住宅,その他,,,,第１種住居地域,60.0,200.0,2020年第4四半期,未改装,,6.778151250383644
19017806,中古マンション等,,19201,山梨県,甲府市,丸の内,甲府,4,３ＬＤＫ,95,,,,平成19年,ＲＣ,住宅,その他,,,,商業地域,80.0,600.0,2015年第4四半期,未改装,,7.531478917042255
19000165,中古マンション等,,19201,山梨県,甲府市,朝日,甲府,7,１Ｋ,15,,,,昭和63年,ＳＲＣ,住宅,事務所,,,,商業地域,80.0,400.0,2018年第1四半期,改装済,,6.176091259055681
19025344,中古マンション等,,19201,山梨県,甲府市,酒折,酒折,10,３ＬＤＫ,65,,,,平成5年,ＲＣ,住宅,,,,,市街化調整区域,60.0,200.0,2009年第3四半期,未改装,,6.623249290397901
19024872,中古マンション等,,19201,山梨県,甲府市,青葉町,南甲府,9,３ＬＤＫ,75,,,,平成3年,ＲＣ,住宅,,,,,準工業地域,60.0,200.0,2009年第1四半期,改装済,,6.991226075692495
19025096,中古マンション等,,19201,山梨県,甲府市,川田町,石和温泉,10,１Ｋ,25,,,,平成6年,ＲＣ,住宅,,,,,市街化調整区域,60.0,200.0,2009年第4四半期,未改装,,6.361727836017593
19012977,中古マンション等,,19201,山梨県,甲府市,丸の内,甲府,8,３ＬＤＫ,90,,,,平成22年,ＳＲＣ,住宅,,,,,商業地域,80.0,600.0,2010年第3四半期,未改装,,7.477121254719663
19028335,中古マンション等,,19201,山梨県,甲府市,国母,国母,6,３ＬＤＫ,70,,,,平成12年,ＲＣ,住宅,,,,,第１種住居地域,60.0,200.0,2007年第4四半期,未改装,,7.146128035678238
19000157,中古マンション等,,19201,山梨県,甲府市,朝日,甲府,6,１Ｋ,15,,,,昭和63年,ＳＲＣ,,住宅,,,,商業地域,80.0,400.0,2019年第2四半期,未改装,,6.176091259055681
19023335,中古マンション等,,19201,山梨県,甲府市,丸の内,甲府,9,２ＤＫ,30,,,,昭和63年,ＳＲＣ,住宅,,,,,商業地域,80.0,400.0,2013年第3四半期,未改装,,6.361727836017593
19020366,中古マンション等,,19201,山梨県,甲府市,伊勢,甲府,30分?60分,２ＬＤＫ,60,,,,戦前,ＲＣ,住宅,,,,,準住居地域,60.0,200.0,2012年第2四半期,未改装,,6.845098040014257
19001879,中古マンション等,,19201,山梨県,甲府市,中央,甲府,18,３ＤＫ,55,,,,昭和64年,ＳＲＣ,住宅,住宅,,,,商業地域,80.0,400.0,2016年第3四半期,未改装,,6.968482948553935
19023336,中古マンション等,,19201,山梨県,甲府市,丸の内,甲府,9,３ＬＤＫ,70,,,,平成18年,ＲＣ,住宅,,,,,商業地域,80.0,400.0,2013年第3四半期,未改装,,7.361727836017593
19025031,中古マンション等,,19201,山梨県,甲府市,上石田,甲府,28,３ＬＤＫ,70,,,,平成2年,ＲＣ,住宅,,,,,第１種中高層住居専用地域,60.0,200.0,2009年第4四半期,改装済,,6.929418925714293
19001760,中古マンション等,,19201,山梨県,甲府市,中央,金手,4,２ＤＫ,55,,,,昭和50年,ＳＲＣ,住宅,住宅,,,,商業地域,80.0,400.0,2018年第4四半期,改装済,,6.531478917042255
19002375,中古マンション等,,19201,山梨県,甲府市,宮前町,甲府,10,２ＤＫ,45,,,,平成5年,ＲＣ,住宅,住宅,,,,第２種住居地域,60.0,200.0,2018年第2四半期,未改装,,6.799340549453582
19001445,中古マンション等,,19201,山梨県,甲府市,城東,善光寺,5,４ＬＤＫ,85,,,,平成3年,ＲＣ,住宅,住宅,,,,準工業地域,60.0,200.0,2020年第4四半期,改装済,,6.973127853599698
19025099,中古マンション等,,19201,山梨県,甲府市,川田町,石和温泉,15,２ＬＤＫ,50,,,,平成6年,ＲＣ,住宅,,,,,市街化調整区域,60.0,200.0,2009年第1四半期,未改装,,6.698970004336019
19025040,中古マンション等,,19201,山梨県,甲府市,上石田,甲府,30分?60分,３ＬＤＫ,75,,,,平成2年,ＲＣ,住宅,,,,,第１種住居地域,60.0,200.0,2009年第1四半期,未改装,,7.113943352306837
19025154,中古マンション等,,19201,山梨県,甲府市,国母,甲府,30分?60分,３ＬＤＫ,60,,,,昭和49年,ＲＣ,住宅,,,,,第１種住居地域,60.0,200.0,2009年第2四半期,未改装,,6.361727836017593
19002379,中古マンション等,,19201,山梨県,甲府市,宮前町,甲府,11,３ＬＤＫ,65,,,,平成5年,ＲＣ,住宅,住宅,,,,第２種住居地域,60.0,200.0,2016年第3四半期,未改装,,7.113943352306837
19025747,中古マンション等,,19201,山梨県,甲府市,丸の内,甲府,9,１Ｋ,15,,,,昭和63年,ＳＲＣ,住宅,,,,,商業地域,80.0,400.0,2009年第4四半期,未改装,,6.278753600952829
19002258,中古マンション等,,19201,山梨県,甲府市,丸の内,甲府,8,３ＬＤＫ,70,,,,平成22年,ＲＣ,住宅,住宅,,,,商業地域,80.0,600.0,2019年第1四半期,未改装,,7.301029995663981
19002378,中古マンション等,,19201,山梨県,甲府市,宮前町,甲府,11,３ＬＤＫ,55,,,,平成5年,ＲＣ,住宅,住宅,,,,第２種住居地域,60.0,200.0,2017年第2四半期,未改装,,6.986771734266245
19028160,中古マンション等,,19201,山梨県,甲府市,大里町,甲斐住吉,30分?60分,２ＬＤＫ,55,,,,平成4年,鉄骨造,住宅,,,,,第１種中高層住居専用地域,60.0,200.0,2007年第2四半期,未改装,,6.903089986991944
19002299,中古マンション等,,19201,山梨県,甲府市,丸の内,酒折,8,１Ｋ,20,,,,平成4年,ＲＣ,住宅,住宅,,,,市街化調整区域,60.0,200.0,2016年第2四半期,,,6.2552725051033065
19012047,中古マンション等,,19201,山梨県,甲府市,国母,甲府,30分?60分,３ＬＤＫ,80,,,,平成20年,ＲＣ,住宅,住宅,,,,第２種住居地域,60.0,200.0,2014年第4四半期,未改装,,7.3222192947339195
19012266,中古マンション等,,19201,山梨県,甲府市,中央,金手,5,２ＬＤＫ,45,,,,昭和50年,ＳＲＣ,住宅,住宅,,,,商業地域,80.0,400.0,2014年第2四半期,改装済,,6.531478917042255
19000886,中古マンション等,,19201,山梨県,甲府市,貢川本町,甲府,30分?60分,３ＬＤＫ,70,,,,,,,住宅,,,,,,,2018年第2四半期,,,7.230448921378274
19000154,中古マンション等,,19201,山梨県,甲府市,朝日,甲府,6,１Ｋ,15,,,,昭和63年,ＳＲＣ,住宅,住宅,,,,商業地域,80.0,400.0,2019年第3四半期,未改装,,6.2552725051033065
19014047,中古マンション等,,19201,山梨県,甲府市,善光寺,善光寺,8,１Ｒ,15,,,,平成3年,鉄骨造,住宅,,,,,第１種中高層住居専用地域,60.0,200.0,2011年第3四半期,未改装,,5.698970004336019
19002395,中古マンション等,,19201,山梨県,甲府市,元紺屋町,甲府,15,３ＬＤＫ,60,,,,平成16年,ＲＣ,住宅,住宅,,,,第１種中高層住居専用地域,60.0,200.0,2017年第3四半期,未改装,,7.230448921378274
19012961,中古マンション等,,19201,山梨県,甲府市,丸の内,甲府,8,４ＬＤＫ,70,,,,平成22年,ＳＲＣ,住宅,,,,,商業地域,80.0,600.0,2010年第3四半期,改装済,,7.414973347970818
19021079,中古マンション等,,19201,山梨県,甲府市,丸の内,甲府,9,１Ｋ,15,,,,昭和63年,ＳＲＣ,住宅,,,,,商業地域,80.0,400.0,2012年第2四半期,未改装,,6.079181246047625
19011890,中古マンション等,,19201,山梨県,甲府市,朝日,甲府,8,１Ｋ,15,,,,昭和63年,ＳＲＣ,住宅,住宅,,,,商業地域,80.0,400.0,2014年第4四半期,,,6.176091259055681
19001667,中古マンション等,,19201,山梨県,甲府市,宝,甲府,13,３ＬＤＫ,95,,,,平成19年,ＲＣ,住宅,住宅,,,,第２種住居地域,60.0,200.0,2019年第3四半期,未改装,,7.518513939877887
19013033,中古マンション等,,19201,山梨県,甲府市,丸の内,甲府,11,３ＬＤＫ,80,,,,平成21年,ＲＣ,住宅,,,,,商業地域,80.0,400.0,2010年第1四半期,未改装,,7.361727836017593
19001543,中古マンション等,,19201,山梨県,甲府市,住吉,南甲府,6,３ＬＤＫ,65,,,,平成2年,ＲＣ,住宅,住宅,,,,第１種住居地域,60.0,200.0,2020年第1四半期,改装済,,6.799340549453582
19001956,中古マンション等,,19201,山梨県,甲府市,徳行,甲府,30分?60分,３ＬＤＫ,70,,,,平成19年,ＲＣ,住宅,住宅,,,,準工業地域,60.0,200.0,2018年第2四半期,未改装,,7.278753600952829
19012442,中古マンション等,,19201,山梨県,甲府市,丸の内,甲府,3,,80,,,,平成19年,ＲＣ,住宅,住宅,,,,商業地域,80.0,600.0,2014年第4四半期,改装済,,7.301029995663981
19002355,中古マンション等,,19201,山梨県,甲府市,南口町,南甲府,3,３ＬＤＫ,75,,,,平成11年,ＲＣ,住宅,住宅,,,,第１種住居地域,60.0,200.0,2017年第4四半期,改装済,,7.176091259055681
19000387,中古マンション等,,19201,山梨県,甲府市,大里町,国母,30分?60分,３ＬＤＫ,60,,,,平成6年,ＲＣ,住宅,住宅,,,,第２種中高層住居専用地域,60.0,200.0,2018年第4四半期,未改装,,6.845098040014257
19012495,中古マンション等,,19201,山梨県,甲府市,国母,甲府,30分?60分,２ＬＤＫ,55,,,,昭和49年,ＲＣ,住宅,,,,,第１種住居地域,60.0,200.0,2010年第4四半期,未改装,,6.3979400086720375
19025304,中古マンション等,,19201,山梨県,甲府市,幸町,南甲府,9,３ＬＤＫ,70,,,,平成9年,ＲＣ,住宅,,,,,準工業地域,60.0,200.0,2009年第2四半期,未改装,,7.113943352306837
19001116,中古マンション等,,19201,山梨県,甲府市,幸町,南甲府,8,２ＬＤＫ,70,,,,平成17年,ＲＣ,住宅,住宅,,,,準工業地域,60.0,200.0,2018年第1四半期,未改装,,7.2552725051033065
19028329,中古マンション等,,19201,山梨県,甲府市,国母,甲府,30分?60分,３ＬＤＫ,75,,,,平成10年,ＲＣ,住宅,,,,,第１種住居地域,60.0,200.0,2007年第3四半期,未改装,,7.176091259055681
19022783,中古マンション等,,19201,山梨県,甲府市,川田町,石和温泉,10,３ＬＤＫ,80,,,,平成6年,ＲＣ,住宅,,,,,市街化調整区域,70.0,400.0,2013年第4四半期,未改装,,6.929418925714293
19013001,中古マンション等,,19201,山梨県,甲府市,丸の内,甲府,10,３ＬＤＫ,70,,,,平成21年,ＲＣ,住宅,,,,,商業地域,80.0,400.0,2010年第2四半期,未改装,,7.2552725051033065
19000072,中古マンション等,,19201,山梨県,甲府市,青葉町,南甲府,13,２ＬＤＫ,70,,,,平成3年,ＲＣ,住宅,その他,,,,工業地域,60.0,200.0,2020年第4四半期,改装済,,6.698970004336019
19012800,中古マンション等,,19201,山梨県,甲府市,中央,甲府,16,２ＤＫ,40,,,,平成5年,ＳＲＣ,住宅,,,,,商業地域,80.0,600.0,2010年第4四半期,改装済,,6.832508912706237
19013000,中古マンション等,,19201,山梨県,甲府市,丸の内,甲府,10,３ＬＤＫ,80,,,,平成21年,ＲＣ,住宅,,,,,商業地域,80.0,400.0,2010年第2四半期,未改装,,7.342422680822207
19001611,中古マンション等,,19201,山梨県,甲府市,善光寺,善光寺,8,１Ｋ,15,,,,平成3年,鉄骨造,住宅,住宅,,,,第１種中高層住居専用地域,60.0,200.0,2016年第1四半期,未改装,,5.778151250383644
19012191,中古マンション等,,19201,山梨県,甲府市,朝日,甲府,8,１Ｋ,15,,,,昭和63年,ＳＲＣ,住宅,,,,,商業地域,80.0,400.0,2010年第1四半期,未改装,,5.903089986991944
19012011,中古マンション等,,19201,山梨県,甲府市,川田町,石和温泉,10,１ＤＫ,40,,,,,ＲＣ,住宅,,,,,市街化調整区域,,,2014年第1四半期,未改装,調停・競売等,6.505149978319906
19017445,中古マンション等,,19201,山梨県,甲府市,中央,甲府,16,１ＤＫ,30,,,,平成5年,ＳＲＣ,住宅,住宅,,,,商業地域,80.0,600.0,2015年第4四半期,改装済,,6.740362689494244
19028334,中古マンション等,,19201,山梨県,甲府市,国母,国母,30分?60分,２ＬＤＫ,50,,,,昭和49年,ＲＣ,住宅,,,,,第１種住居地域,60.0,200.0,2007年第4四半期,改装済,,6.633468455579586
19001888,中古マンション等,,19201,山梨県,甲府市,中央,甲府,18,１Ｋ,20,,,,平成5年,ＳＲＣ,住宅,住宅,,,,商業地域,80.0,600.0,2016年第1四半期,未改装,,6.623249290397901
19001133,中古マンション等,,19201,山梨県,甲府市,酒折,酒折,3,１Ｋ,20,,,,平成4年,ＲＣ,,その他,,,,市街化調整区域,60.0,200.0,2017年第4四半期,,,6.672097857935717
19020840,中古マンション等,,19201,山梨県,甲府市,住吉,南甲府,5,,65,,,,平成2年,ＲＣ,住宅,,,,,第１種住居地域,60.0,200.0,2012年第1四半期,未改装,,6.724275869600789
19001594,中古マンション等,,19201,山梨県,甲府市,善光寺,善光寺,6,１ＬＤＫ,20,,,,平成3年,鉄骨造,住宅,その他,,,,第１種中高層住居専用地域,60.0,200.0,2019年第2四半期,改装済,,6.531478917042255
19013876,中古マンション等,,19201,山梨県,甲府市,下飯田,甲府,29,４ＬＤＫ,80,,,,平成19年,ＲＣ,住宅,,,,,第１種住居地域,60.0,200.0,2011年第4四半期,未改装,,7.361727836017593
19022690,中古マンション等,,19201,山梨県,甲府市,上石田,甲府,28,３ＬＤＫ,70,,,,平成2年,ＲＣ,住宅,,,,,第１種中高層住居専用地域,60.0,200.0,2013年第2四半期,改装済,,6.959041392321094
19023446,中古マンション等,,19201,山梨県,甲府市,湯村,甲府,30分?60分,３ＬＤＫ,85,,,,平成16年,ＳＲＣ,住宅,,,,,商業地域,80.0,400.0,2013年第2四半期,改装済,,7.361727836017593
19000155,中古マンション等,,19201,山梨県,甲府市,朝日,甲府,6,１Ｋ,15,,,,昭和63年,ＳＲＣ,住宅,その他,,,,商業地域,80.0,400.0,2019年第2四半期,未改装,,7.301029995663981
19001470,中古マンション等,,19201,山梨県,甲府市,城東,善光寺,7,２ＬＤＫ,60,,,,平成3年,ＲＣ,住宅,住宅,,,,準工業地域,60.0,200.0,2016年第1四半期,未改装,,6.929418925714293
19001828,中古マンション等,,19201,山梨県,甲府市,中央,甲府,13,２ＬＤＫ,70,,,,平成30年,ＲＣ,住宅,住宅,,,,商業地域,80.0,600.0,2018年第4四半期,,,7.477121254719663
19017377,中古マンション等,,19201,山梨県,甲府市,中央,金手,5,１ＤＫ,45,,,,昭和50年,ＳＲＣ,住宅,住宅,,,,商業地域,80.0,400.0,2015年第4四半期,改装済,,6.6020599913279625
19001859,中古マンション等,,19201,山梨県,甲府市,中央,甲府,16,１Ｋ,20,,,,平成5年,ＳＲＣ,住宅,住宅,,,,商業地域,80.0,600.0,2017年第3四半期,未改装,,6.414973347970818
19000086,中古マンション等,,19201,山梨県,甲府市,青葉町,南甲府,13,３ＬＤＫ,70,,,,平成3年,ＲＣ,住宅,住宅,,,,準工業地域,60.0,200.0,2017年第1四半期,改装済,,7.0
19023458,中古マンション等,,19201,山梨県,甲府市,若松町,甲府,21,３ＬＤＫ,70,,,,平成18年,ＲＣ,住宅,,,,,商業地域,80.0,400.0,2013年第3四半期,改装済,,7.3222192947339195
19013005,中古マンション等,,19201,山梨県,甲府市,丸の内,甲府,8,３ＬＤＫ,75,,,,平成22年,ＲＣ,住宅,,,,,商業地域,80.0,600.0,2010年第2四半期,未改装,,7.447158031342219
19001469,中古マンション等,,19201,山梨県,甲府市,城東,善光寺,6,３ＬＤＫ,65,,,,,ＲＣ,住宅,住宅,,,,準工業地域,60.0,200.0,2016年第3四半期,改装済,,6.740362689494244
19025406,中古マンション等,,19201,山梨県,甲府市,下飯田,甲府,30分?60分,３ＬＤＫ,75,,,,平成19年,ＲＣ,住宅,,,,,第１種住居地域,60.0,200.0,2009年第4四半期,未改装,,7.278753600952829
19022533,中古マンション等,,19201,山梨県,甲府市,朝日,甲府,8,１Ｋ,20,,,,昭和63年,ＳＲＣ,住宅,,,,,商業地域,80.0,400.0,2013年第2四半期,未改装,,6.278753600952829
19025477,中古マンション等,,19201,山梨県,甲府市,住吉,南甲府,5,３ＬＤＫ,55,,,,平成2年,ＲＣ,住宅,,,,,第１種住居地域,60.0,200.0,2009年第4四半期,改装済,,6.799340549453582
19001761,中古マンション等,,19201,山梨県,甲府市,中央,金手,5,２ＤＫ,45,,,,昭和50年,ＳＲＣ,住宅,住宅,,,,商業地域,80.0,400.0,2018年第3四半期,改装済,,6.732393759822968
19012087,中古マンション等,,19201,山梨県,甲府市,里吉,南甲府,15,３ＬＤＫ,70,,,,平成8年,ＲＣ,住宅,住宅,,,,準工業地域,60.0,200.0,2014年第3四半期,,,6.963787827345556
19021076,中古マンション等,,19201,山梨県,甲府市,丸の内,甲府,4,３ＬＤＫ,75,,,,平成19年,ＲＣ,住宅,,,,,商業地域,80.0,600.0,2012年第3四半期,未改装,,7.414973347970818
19012268,中古マンション等,,19201,山梨県,甲府市,中央,金手,4,２ＤＫ,45,,,,昭和50年,ＳＲＣ,住宅,,,,,商業地域,80.0,400.0,2014年第1四半期,改装済,,6.491361693834273
19013253,中古マンション等,,19201,山梨県,甲府市,朝日,甲府,5,１Ｋ,15,,,,昭和63年,ＳＲＣ,住宅,,,,,商業地域,80.0,400.0,2011年第4四半期,改装済,,6.2552725051033065
19012452,中古マンション等,,19201,山梨県,甲府市,丸の内,甲府,9,１Ｋ,20,,,,昭和63年,ＳＲＣ,住宅,,,,,商業地域,80.0,400.0,2014年第1四半期,未改装,,6.079181246047625
19012988,中古マンション等,,19201,山梨県,甲府市,丸の内,甲府,9,３ＬＤＫ,70,,,,平成22年,ＲＣ,住宅,,,,,商業地域,80.0,600.0,2010年第3四半期,未改装,,7.380211241711606
19012995,中古マンション等,,19201,山梨県,甲府市,丸の内,甲府,9,３ＬＤＫ,70,,,,平成22年,ＲＣ,住宅,,,,,商業地域,80.0,600.0,2010年第3四半期,未改装,,7.431363764158987
19025858,中古マンション等,,19201,山梨県,甲府市,若松町,甲府,21,３ＬＤＫ,70,,,,平成18年,ＲＣ,住宅,,,,,商業地域,80.0,400.0,2009年第3四半期,未改装,,7.204119982655925
19012187,中古マンション等,,19201,山梨県,甲府市,朝日,甲府,8,１Ｋ,20,,,,昭和63年,ＳＲＣ,住宅,,,,,商業地域,80.0,400.0,2010年第1四半期,未改装,,5.869231719730976
19020933,中古マンション等,,19201,山梨県,甲府市,中央,甲府,18,１Ｋ,15,,,,平成3年,鉄骨造,住宅,,,,,商業地域,80.0,400.0,2012年第2四半期,改装済,,6.041392685158225
19017154,中古マンション等,,19201,山梨県,甲府市,城東,甲府,26,３ＬＤＫ,65,,,,平成5年,ＲＣ,住宅,住宅,,,,第２種住居地域,60.0,200.0,2015年第3四半期,未改装,,7.0
19023079,中古マンション等,,19201,山梨県,甲府市,善光寺,善光寺,8,１Ｒ,15,,,,平成3年,鉄骨造,住宅,,,,,第１種中高層住居専用地域,60.0,200.0,2013年第3四半期,未改装,,6.041392685158225
19025749,中古マンション等,,19201,山梨県,甲府市,丸の内,甲府,11,３ＬＤＫ,90,,,,平成21年,ＲＣ,住宅,,,,,商業地域,80.0,400.0,2009年第4四半期,未改装,,7.3979400086720375
19000143,中古マンション等,,19201,山梨県,甲府市,朝日,甲府,7,１Ｒ,15,,,,昭和63年,ＳＲＣ,住宅,住宅,,,,商業地域,80.0,400.0,2020年第4四半期,未改装,,6.176091259055681
19013002,中古マンション等,,19201,山梨県,甲府市,丸の内,甲府,10,３ＬＤＫ,70,,,,平成21年,ＲＣ,住宅,,,,,商業地域,80.0,400.0,2010年第2四半期,改装済,,7.278753600952829
19012957,中古マンション等,,19201,山梨県,甲府市,丸の内,甲府,8,３ＬＤＫ,70,,,,平成22年,ＲＣ,住宅,,,,,商業地域,80.0,600.0,2010年第3四半期,未改装,,7.431363764158987
19025743,中古マンション等,,19201,山梨県,甲府市,丸の内,甲府,11,３ＬＤＫ,70,,,,平成21年,ＲＣ,住宅,,,,,商業地域,80.0,400.0,2009年第4四半期,未改装,,7.301029995663981
19012449,中古マンション等,,19201,山梨県,甲府市,丸の内,甲府,8,３ＬＤＫ,75,,,,平成22年,ＲＣ,住宅,,,,,商業地域,80.0,600.0,2014年第2四半期,未改装,,7.505149978319906
19013603,中古マンション等,,19201,山梨県,甲府市,北口,甲府,3,３ＬＤＫ,70,,,,平成11年,ＲＣ,住宅,,,,,商業地域,80.0,400.0,2011年第2四半期,改装済,,7.204119982655925
19012007,中古マンション等,,19201,山梨県,甲府市,川田町,石和温泉,10,３ＤＫ,50,,,,平成6年,ＲＣ,住宅,住宅,,,,市街化調整区域,,,2014年第4四半期,未改装,,7.342422680822207
19025097,中古マンション等,,19201,山梨県,甲府市,川田町,石和温泉,10,３ＬＤＫ,50,,,,平成6年,ＲＣ,住宅,,,,,市街化調整区域,60.0,200.0,2009年第3四半期,改装済,,6.826074802700826
19001650,中古マンション等,,19201,山梨県,甲府市,高畑,甲府,30分?60分,４ＬＤＫ,95,,,,平成18年,ＲＣ,住宅,住宅,,,,第１種住居地域,60.0,200.0,2016年第2四半期,改装済,,7.278753600952829
19012569,中古マンション等,,19201,山梨県,甲府市,酒折,酒折,10,１Ｋ,20,,,,平成2年,ＲＣ,住宅,,,,,市街化調整区域,60.0,200.0,2010年第1四半期,未改装,,6.380211241711606
19012799,中古マンション等,,19201,山梨県,甲府市,中央,甲府,18,１Ｋ,20,,,,平成5年,ＳＲＣ,住宅,,,,,商業地域,,,2010年第4四半期,改装済,,6.4623979978989565
19001040,中古マンション等,,19201,山梨県,甲府市,国母,国母,5,４ＬＤＫ,90,,,,平成12年,ＲＣ,住宅,住宅,,,,第１種住居地域,60.0,200.0,2016年第3四半期,未改装,,7.278753600952829
19028275,中古マンション等,,19201,山梨県,甲府市,川田町,石和温泉,10,１ＤＫ,25,,,,平成6年,ＲＣ,住宅,,,,,市街化調整区域,60.0,200.0,2007年第4四半期,改装済,,6.57978359661681
19020786,中古マンション等,,19201,山梨県,甲府市,城東,善光寺,6,３ＬＤＫ,55,,,,平成3年,ＲＣ,住宅,,,,,準工業地域,60.0,200.0,2012年第1四半期,改装済,,6.799340549453582
19002250,中古マンション等,,19201,山梨県,甲府市,丸の内,甲府,10,３ＬＤＫ,70,,,,平成19年,ＲＣ,住宅,住宅,,,,商業地域,80.0,400.0,2019年第4四半期,未改装,,7.230448921378274
19013794,中古マンション等,,19201,山梨県,甲府市,酒折,酒折,1,３ＬＤＫ,70,,,,平成5年,ＲＣ,住宅,,,,,市街化調整区域,60.0,200.0,2011年第3四半期,未改装,調停・競売等,6.447158031342219
19028270,中古マンション等,,19201,山梨県,甲府市,川田町,石和温泉,9,２ＬＤＫ,50,,,,平成6年,ＲＣ,住宅,,,,,市街化調整区域,60.0,200.0,2008年第2四半期,未改装,,6.113943352306837
19028646,中古マンション等,,19201,山梨県,甲府市,丸の内,甲府,8,１Ｋ,15,,,,昭和63年,ＳＲＣ,住宅,,,,,商業地域,80.0,400.0,2008年第1四半期,,,6.3979400086720375
19012497,中古マンション等,,19201,山梨県,甲府市,国母,甲府,30分?60分,３ＬＤＫ,60,,,,昭和49年,ＲＣ,住宅,,,,,第１種住居地域,60.0,200.0,2010年第2四半期,未改装,,6.633468455579586
19012955,中古マンション等,,19201,山梨県,甲府市,丸の内,甲府,8,３ＬＤＫ,75,,,,平成22年,ＲＣ,住宅,,,,,商業地域,80.0,600.0,2010年第3四半期,,,7.3979400086720375
19028291,中古マンション等,,19201,山梨県,甲府市,貢川本町,甲府,30分?60分,２ＬＤＫ,65,,,,平成16年,ＲＣ,住宅,,,,,第１種住居地域,60.0,200.0,2008年第2四半期,未改装,,6.724275869600789
19002247,中古マンション等,,19201,山梨県,甲府市,丸の内,甲府,4,３ＬＤＫ,80,,,,平成19年,ＲＣ,住宅,住宅,,,,商業地域,80.0,600.0,2020年第1四半期,未改装,,7.505149978319906
19000175,中古マンション等,,19201,山梨県,甲府市,朝日,甲府,7,１Ｋ,15,,,,昭和63年,ＳＲＣ,住宅,住宅,,,,商業地域,80.0,400.0,2016年第3四半期,未改装,,6.204119982655925
19001123,中古マンション等,,19201,山梨県,甲府市,幸町,南甲府,8,,65,,,,,ＲＣ,住宅,住宅,,,,工業地域,,,2016年第3四半期,,,7.079181246047625
19012975,中古マンション等,,19201,山梨県,甲府市,丸の内,甲府,8,３ＬＤＫ,70,,,,平成22年,ＲＣ、鉄骨造,住宅,,,,,商業地域,80.0,600.0,2010年第3四半期,未改装,,7.414973347970818
19012265,中古マンション等,,19201,山梨県,甲府市,中央,金手,5,２ＤＫ,45,,,,昭和50年,ＲＣ,住宅,住宅,,,,商業地域,80.0,400.0,2014年第3四半期,改装済,,6.518513939877887
19000019,中古マンション等,,19201,山梨県,甲府市,相生,甲府,14,３ＬＤＫ,75,,,,平成31年,ＲＣ,住宅,住宅,,,,商業地域,80.0,400.0,2019年第4四半期,未改装,,7.491361693834273
19013581,中古マンション等,,19201,山梨県,甲府市,川田町,石和温泉,10,２ＤＫ,50,,,,平成6年,ＲＣ,住宅,,,,,,,,2011年第4四半期,未改装,,6.662757831681574
19000785,中古マンション等,,19201,山梨県,甲府市,川田町,石和温泉,10,２ＬＤＫ,50,,,,平成6年,ＲＣ,住宅,住宅,,,,市街化調整区域,70.0,400.0,2020年第4四半期,未改装,,6.939519252618618
19001138,中古マンション等,,19201,山梨県,甲府市,酒折,酒折,3,１Ｋ,25,,,,平成4年,ＲＣ,住宅,住宅,,,,市街化調整区域,60.0,200.0,2017年第3四半期,未改装,,6.414973347970818
19000280,中古マンション等,,19201,山梨県,甲府市,伊勢,甲府,29,３ＬＤＫ,60,,,,平成2年,ＲＣ,住宅,住宅,,,,第１種住居地域,60.0,200.0,2017年第4四半期,未改装,,6.968482948553935
19000833,中古マンション等,,19201,山梨県,甲府市,北口,甲府,4,３ＬＤＫ,65,,,,平成8年,ＳＲＣ,住宅,住宅,,,,商業地域,80.0,400.0,2017年第3四半期,改装済,,7.176091259055681
19000567,中古マンション等,,19201,山梨県,甲府市,上石田,甲府,30分?60分,３ＬＤＫ,60,,,,昭和64年,ＳＲＣ,,,,,,第１種住居地域,60.0,200.0,2019年第4四半期,改装済,,6.9344984512435675
19017178,中古マンション等,,19201,山梨県,甲府市,城東,善光寺,6,３ＬＤＫ,55,,,,平成3年,ＲＣ,住宅,住宅,,,,準工業地域,60.0,200.0,2015年第3四半期,改装済,,6.913813852383717
19002357,中古マンション等,,19201,山梨県,甲府市,南口町,南甲府,3,３ＬＤＫ,75,,,,平成11年,ＲＣ,住宅,住宅,,,,第１種住居地域,60.0,200.0,2017年第2四半期,改装済,,7.176091259055681
19001811,中古マンション等,,19201,山梨県,甲府市,中央,甲府,18,１Ｋ,15,,,,平成3年,鉄骨造,住宅,住宅,,,,商業地域,80.0,400.0,2019年第4四半期,未改装,,6.113943352306837
19001613,中古マンション等,,19201,山梨県,甲府市,善光寺,善光寺,8,１Ｋ,15,,,,平成3年,鉄骨造,住宅,その他,,,,第１種中高層住居専用地域,60.0,200.0,2016年第1四半期,未改装,,5.812913356642856
19001303,中古マンション等,,19201,山梨県,甲府市,下石田,甲府,30分?60分,３ＬＤＫ,80,,,,平成10年,ＲＣ,住宅,住宅,,,,第１種住居地域,60.0,200.0,2016年第4四半期,未改装,,7.146128035678238
19013939,中古マンション等,,19201,山梨県,甲府市,城東,善光寺,5,２ＤＫ,45,,,,平成3年,ＲＣ,住宅,,,,,準工業地域,60.0,200.0,2011年第3四半期,改装済,,6.698970004336019
19001678,中古マンション等,,19201,山梨県,甲府市,宝,甲府,13,３ＬＤＫ,70,,,,平成19年,ＲＣ,住宅,住宅,,,,第２種住居地域,60.0,200.0,2016年第4四半期,未改装,,7.301029995663981
19000151,中古マンション等,,19201,山梨県,甲府市,朝日,甲府,6,１Ｒ,15,,,,昭和63年,ＳＲＣ,住宅,住宅,,,,商業地域,80.0,400.0,2020年第1四半期,未改装,,6.079181246047625
19025621,中古マンション等,,19201,山梨県,甲府市,中央,甲府,16,２ＬＤＫ,45,,,,昭和50年,ＲＣ,住宅,,,,,商業地域,80.0,400.0,2009年第2四半期,未改装,,6.477121254719663
19013785,中古マンション等,,19201,山梨県,甲府市,幸町,南甲府,3,４ＬＤＫ,80,,,,平成8年,ＲＣ,住宅,,,,,商業地域,80.0,400.0,2011年第4四半期,未改装,,7.146128035678238
19025156,中古マンション等,,19201,山梨県,甲府市,国母,甲府,30分?60分,４ＬＤＫ,85,,,,平成10年,ＲＣ,住宅,,,,,第１種住居地域,60.0,200.0,2009年第1四半期,未改装,,7.230448921378274
19014088,中古マンション等,,19201,山梨県,甲府市,宝,甲府,13,３ＬＤＫ,70,,,,平成19年,ＲＣ,住宅,,,,,第２種住居地域,60.0,200.0,2011年第1四半期,未改装,,7.342422680822207
19002295,中古マンション等,,19201,山梨県,甲府市,丸の内,甲府,9,１Ｋ,15,,,,昭和63年,ＳＲＣ,住宅,その他,,,,商業地域,80.0,400.0,2016年第2四半期,未改装,,6.146128035678238
19013724,中古マンション等,,19201,山梨県,甲府市,国母,国母,6,３ＬＤＫ,70,,,,平成12年,ＲＣ,住宅,,,,,第１種住居地域,60.0,200.0,2011年第4四半期,改装済,,6.176091259055681
19014198,中古マンション等,,19201,山梨県,甲府市,中央,甲府,16,１Ｋ,20,,,,平成5年,ＳＲＣ,住宅,,,,,商業地域,80.0,600.0,2011年第1四半期,改装済,,6.477121254719663
19012953,中古マンション等,,19201,山梨県,甲府市,丸の内,甲府,8,３ＬＤＫ,90,,,,平成22年,ＳＲＣ,住宅,,,,,商業地域,80.0,600.0,2010年第3四半期,未改装,,7.531478917042255
19012263,中古マンション等,,19201,山梨県,甲府市,中央,金手,4,２ＤＫ,45,,,,昭和50年,ＳＲＣ,住宅,住宅,,,,商業地域,80.0,400.0,2014年第4四半期,改装済,,6.544068044350276
19002283,中古マンション等,,19201,山梨県,甲府市,丸の内,甲府,9,３ＬＤＫ,70,,,,平成19年,ＲＣ,住宅,住宅,,,,商業地域,80.0,400.0,2017年第2四半期,未改装,,7.342422680822207
19028525,中古マンション等,,19201,山梨県,甲府市,中央,甲府,16,１Ｋ,15,,,,平成5年,ＳＲＣ,住宅,,,,,商業地域,80.0,600.0,2008年第3四半期,未改装,,6.4623979978989565
19002003,中古マンション等,,19201,山梨県,甲府市,富竹,甲府,30分?60分,３ＬＤＫ,75,,,,平成19年,ＳＲＣ,住宅,住宅,,,,準工業地域,60.0,200.0,2019年第1四半期,未改装,,7.342422680822207
19012971,中古マンション等,,19201,山梨県,甲府市,丸の内,甲府,8,３ＬＤＫ,70,,,,平成22年,ＲＣ,住宅,,,,,商業地域,80.0,600.0,2010年第3四半期,改装済,,7.447158031342219
19013822,中古マンション等,,19201,山梨県,甲府市,里吉,南甲府,15,３ＬＤＫ,60,,,,平成8年,ＲＣ,住宅,,,,,第２種中高層住居専用地域,60.0,200.0,2011年第1四半期,改装済,,7.041392685158225
19012009,中古マンション等,,19201,山梨県,甲府市,川田町,石和温泉,11,２ＬＤＫ,50,,,,平成6年,ＲＣ,住宅,,,,,市街化調整区域,60.0,200.0,2014年第3四半期,未改装,,7.0
19001782,中古マンション等,,19201,山梨県,甲府市,中央,甲府,18,３ＬＤＫ,60,,,,昭和64年,ＳＲＣ,住宅,住宅,,,,商業地域,80.0,200.0,2020年第4四半期,改装済,,6.977723605288848
19002245,中古マンション等,,19201,山梨県,甲府市,丸の内,甲府,7,１Ｋ,20,,,,昭和63年,ＳＲＣ,住宅,住宅,,,,商業地域,80.0,400.0,2020年第1四半期,未改装,,6.176091259055681
19000812,中古マンション等,,19201,山梨県,甲府市,川田町,石和温泉,10,３ＤＫ,50,,,,平成6年,ＲＣ,住宅,住宅,,,,市街化調整区域,70.0,400.0,2017年第3四半期,未改装,,6.698970004336019
19012997,中古マンション等,,19201,山梨県,甲府市,丸の内,甲府,10,３ＬＤＫ,85,,,,平成21年,ＲＣ,住宅,,,,,商業地域,80.0,400.0,2010年第2四半期,未改装,,7.3222192947339195
19002297,中古マンション等,,19201,山梨県,甲府市,丸の内,甲府,8,１Ｋ,15,,,,昭和63年,ＳＲＣ,住宅,住宅,,,,商業地域,80.0,400.0,2016年第2四半期,未改装,,6.041392685158225
19001134,中古マンション等,,19201,山梨県,甲府市,酒折,酒折,3,１Ｋ,20,,,,平成3年,ＲＣ,住宅,住宅,,,,市街化調整区域,60.0,100.0,2017年第4四半期,,,6.544068044350276
19016195,中古マンション等,,19201,山梨県,甲府市,朝日,甲府,9,３ＬＤＫ,65,,,,平成15年,ＲＣ,住宅,住宅,,,,商業地域,80.0,400.0,2015年第1四半期,未改装,,7.230448921378274
19001199,中古マンション等,,19201,山梨県,甲府市,里吉,南甲府,15,３ＬＤＫ,70,,,,平成8年,ＲＣ,住宅,住宅,,,,準工業地域,60.0,200.0,2018年第4四半期,未改装,,7.041392685158225
19001130,中古マンション等,,19201,山梨県,甲府市,酒折,酒折,3,１Ｋ,20,,,,平成4年,ＲＣ,住宅,住宅,,,,市街化調整区域,60.0,200.0,2018年第2四半期,未改装,,6.176091259055681
19020412,中古マンション等,,19201,山梨県,甲府市,大里町,国母,30分?60分,３ＬＤＫ,65,,,,平成6年,ＲＣ,住宅,,,,,第２種中高層住居専用地域,60.0,200.0,2012年第4四半期,改装済,,6.949390006644912
19001603,中古マンション等,,19201,山梨県,甲府市,善光寺,善光寺,8,１Ｋ,20,,,,平成3年,鉄骨造,住宅,住宅,,,,第１種中高層住居専用地域,60.0,200.0,2017年第2四半期,改装済,,6.176091259055681
19012952,中古マンション等,,19201,山梨県,甲府市,丸の内,甲府,8,３ＬＤＫ,90,,,,平成22年,ＳＲＣ,住宅,,,,,商業地域,80.0,600.0,2010年第3四半期,改装済,,7.4623979978989565
19000832,中古マンション等,,19201,山梨県,甲府市,北口,甲府,3,１Ｋ,25,,,,昭和62年,ＳＲＣ,住宅,,,,,商業地域,80.0,600.0,2017年第3四半期,未改装,,6.6127838567197355
19012992,中古マンション等,,19201,山梨県,甲府市,丸の内,甲府,8,２ＬＤＫ,60,,,,平成22年,ＲＣ,住宅,,,,,商業地域,80.0,600.0,2010年第3四半期,未改装,,7.301029995663981
19012264,中古マンション等,,19201,山梨県,甲府市,中央,金手,8,２ＬＤＫ,45,,,,昭和50年,ＲＣ,住宅,住宅,,,,商業地域,,,2014年第3四半期,改装済,,6.568201724066995
19028386,中古マンション等,,19201,山梨県,甲府市,里吉,南甲府,19,３ＬＤＫ,70,,,,平成8年,ＲＣ,住宅,,,,,準工業地域,60.0,200.0,2008年第2四半期,未改装,調停・競売等,6.9084850188786495
19020743,中古マンション等,,19201,山梨県,甲府市,下石田,甲府,30分?60分,３ＬＤＫ,70,,,,平成10年,ＲＣ,住宅,,,,,第１種住居地域,60.0,200.0,2012年第3四半期,改装済,,7.176091259055681
19000784,中古マンション等,,19201,山梨県,甲府市,川田町,石和温泉,10,２ＬＤＫ,50,,,,平成6年,ＳＲＣ,住宅,住宅,,,,市街化調整区域,70.0,400.0,2020年第4四半期,未改装,,6.8750612633917
19014396,中古マンション等,,19201,山梨県,甲府市,丸の内,甲府,9,１Ｋ,15,,,,昭和63年,ＳＲＣ,住宅,,,,,商業地域,80.0,400.0,2011年第3四半期,未改装,,6.204119982655925
19013013,中古マンション等,,19201,山梨県,甲府市,丸の内,甲府,11,４ＬＤＫ,90,,,,平成21年,ＲＣ,住宅,,,,,商業地域,80.0,400.0,2010年第1四半期,改装済,,7.3222192947339195
19012494,中古マンション等,,19201,山梨県,甲府市,国母,甲府,30分?60分,２ＬＤＫ,60,,,,昭和49年,ＲＣ,住宅,,,,,第１種住居地域,60.0,200.0,2010年第4四半期,未改装,,6.5910646070264995
19023201,中古マンション等,,19201,山梨県,甲府市,中央,甲府,16,２Ｋ,40,,,,平成5年,ＳＲＣ,住宅,,,,,商業地域,80.0,600.0,2013年第1四半期,未改装,,6.763427993562937
19028110,中古マンション等,,19201,山梨県,甲府市,朝日,甲府,7,１Ｋ,15,,,,昭和63年,ＳＲＣ,住宅,,,,,商業地域,80.0,400.0,2007年第3四半期,,,6.380211241711606
19000821,中古マンション等,,19201,山梨県,甲府市,川田町,石和温泉,10,１Ｋ,25,,,,平成6年,ＲＣ,住宅,住宅,,,,市街化調整区域,70.0,400.0,2016年第3四半期,未改装,,6.278753600952829
19028320,中古マンション等,,19201,山梨県,甲府市,国母,甲府,30分?60分,３ＬＤＫ,80,,,,平成10年,ＲＣ,住宅,,,,,第１種住居地域,60.0,200.0,2008年第3四半期,改装済,,7.146128035678238
19001664,中古マンション等,,19201,山梨県,甲府市,宝,甲府,13,,75,,,,平成19年,ＲＣ,住宅,その他,,,,第２種住居地域,60.0,200.0,2020年第2四半期,未改装,,7.230448921378274
19000159,中古マンション等,,19201,山梨県,甲府市,朝日,甲府,7,１Ｋ,15,,,,昭和63年,ＳＲＣ,住宅,その他,,,,商業地域,80.0,400.0,2019年第1四半期,未改装,,6.230448921378274
19002249,中古マンション等,,19201,山梨県,甲府市,丸の内,甲府,8,１Ｋ,15,,,,昭和63年,ＳＲＣ,,その他,,,,商業地域,80.0,400.0,2019年第4四半期,未改装,,6.3222192947339195
19022502,中古マンション等,,19201,山梨県,甲府市,青葉町,南甲府,15,４ＬＤＫ,70,,,,平成3年,ＲＣ,住宅,,,,,準工業地域,60.0,200.0,2013年第3四半期,,,6.698970004336019
19025153,中古マンション等,,19201,山梨県,甲府市,国母,甲府,30分?60分,３ＬＤＫ,75,,,,平成10年,ＲＣ,住宅,,,,,第１種住居地域,60.0,200.0,2009年第2四半期,未改装,,7.041392685158225
19001838,中古マンション等,,19201,山梨県,甲府市,中央,甲府,19,３ＬＤＫ,65,,,,昭和64年,ＳＲＣ,住宅,,,,,商業地域,80.0,400.0,2018年第3四半期,改装済,,6.778151250383644
19012172,中古マンション等,,19201,山梨県,甲府市,朝日,甲府,8,１Ｋ,15,,,,昭和63年,ＳＲＣ,住宅,,,,,商業地域,80.0,400.0,2010年第3四半期,改装済,,5.954242509439325
19028083,中古マンション等,,19201,山梨県,甲府市,青葉町,南甲府,9,３ＬＤＫ,70,,,,平成3年,ＲＣ,住宅,,,,,準工業地域,60.0,200.0,2008年第2四半期,未改装,調停・競売等,6.832508912706237
19028086,中古マンション等,,19201,山梨県,甲府市,青葉町,南甲府,6,４ＬＤＫ,70,,,,平成3年,ＲＣ,住宅,,,,,準工業地域,60.0,200.0,2007年第2四半期,改装済,,6.778151250383644
19012313,中古マンション等,,19201,山梨県,甲府市,中央,甲府,18,,55,,,,昭和64年,ＳＲＣ,住宅,,,,,商業地域,80.0,400.0,2014年第1四半期,未改装,,6.857332496431268
19012801,中古マンション等,,19201,山梨県,甲府市,中央,甲府,16,２ＤＫ,45,,,,昭和50年,ＲＣ,住宅,,,,,商業地域,80.0,400.0,2010年第4四半期,未改装,,6.4623979978989565
19017817,中古マンション等,,19201,山梨県,甲府市,丸の内,甲府,8,３ＬＤＫ,90,,,,平成22年,ＲＣ,住宅,住宅,,,,商業地域,80.0,600.0,2015年第2四半期,未改装,,7.5910646070264995
19001793,中古マンション等,,19201,山梨県,甲府市,中央,甲府,15,２ＬＤＫ,45,,,,昭和50年,ＳＲＣ,住宅,住宅,,,,商業地域,80.0,400.0,2020年第2四半期,改装済,,6.518513939877887
19002240,中古マンション等,,19201,山梨県,甲府市,丸の内,甲府,9,３ＬＤＫ,80,,,,,,,住宅,,,,商業地域,80.0,400.0,2020年第3四半期,改装済,,7.301029995663981
19001304,中古マンション等,,19201,山梨県,甲府市,下石田,甲府,30分?60分,３ＬＤＫ,70,,,,平成10年,ＲＣ,住宅,住宅,,,,第１種住居地域,60.0,200.0,2016年第2四半期,未改装,,7.0
19020851,中古マンション等,,19201,山梨県,甲府市,善光寺,善光寺,8,１Ｋ,15,,,,平成3年,鉄骨造,住宅,,,,,第１種中高層住居専用地域,60.0,200.0,2012年第1四半期,未改装,,5.954242509439325
19020472,中古マンション等,,19201,山梨県,甲府市,上石田,甲府,30分?60分,４ＬＤＫ,70,,,,,ＲＣ,住宅,,,,,第１種中高層住居専用地域,60.0,200.0,2012年第4四半期,未改装,,6.799340549453582
19001592,中古マンション等,,19201,山梨県,甲府市,善光寺,善光寺,8,１Ｋ,15,,,,平成3年,ＲＣ,住宅,住宅,,,,第１種中高層住居専用地域,60.0,200.0,2019年第4四半期,未改装,,6.041392685158225
19000974,中古マンション等,,19201,山梨県,甲府市,国母,甲府,30分?60分,２ＬＤＫ,55,,,,昭和49年,ＲＣ,住宅,住宅,,,,第１種住居地域,60.0,200.0,2017年第2四半期,改装済,,6.748188027006201
19025760,中古マンション等,,19201,山梨県,甲府市,丸の内,甲府,5,２ＬＤＫ,65,,,,平成19年,ＲＣ,住宅,,,,,商業地域,80.0,600.0,2009年第3四半期,未改装,,7.3222192947339195
19002236,中古マンション等,,19201,山梨県,甲府市,丸の内,甲府,8,１Ｋ,15,,,,昭和63年,ＳＲＣ,住宅,住宅,,,,商業地域,80.0,400.0,2020年第4四半期,改装済,,6.57978359661681
19001144,中古マンション等,,19201,山梨県,甲府市,酒折,酒折,3,１Ｋ,20,,,,平成4年,ＲＣ,住宅,,,,,市街化調整区域,60.0,200.0,2016年第4四半期,未改装,,6.0
19028111,中古マンション等,,19201,山梨県,甲府市,朝日,甲府,6,１Ｋ,15,,,,昭和63年,ＳＲＣ,住宅,,,,,商業地域,80.0,400.0,2007年第3四半期,未改装,,6.3979400086720375
19023134,中古マンション等,,19201,山梨県,甲府市,武田,甲府,5,３ＬＤＫ,70,,,,平成14年,ＲＣ,住宅,,,,,第２種住居地域,60.0,200.0,2013年第3四半期,未改装,,7.2552725051033065
19012985,中古マンション等,,19201,山梨県,甲府市,丸の内,甲府,9,３ＬＤＫ,95,,,,平成22年,ＲＣ,住宅,,,,,商業地域,80.0,600.0,2010年第3四半期,改装済,,7.544068044350276
19016190,中古マンション等,,19201,山梨県,甲府市,朝日,甲府,5,１ＤＫ,15,,,,昭和63年,ＳＲＣ,住宅,住宅,,,,商業地域,80.0,400.0,2015年第1四半期,未改装,,6.230448921378274
19022929,中古マンション等,,19201,山梨県,甲府市,幸町,南甲府,9,３ＬＤＫ,70,,,,平成9年,ＲＣ,住宅,,,,,準工業地域,60.0,200.0,2013年第3四半期,未改装,,6.892094602690481
19000970,中古マンション等,,19201,山梨県,甲府市,国母,甲府,30分?60分,２ＬＤＫ,55,,,,昭和49年,ＲＣ,住宅,住宅,,,,第１種住居地域,60.0,200.0,2018年第1四半期,未改装,,6.6020599913279625
19012559,中古マンション等,,19201,山梨県,甲府市,若松町,甲府,21,２ＬＤＫ,65,,,,平成18年,ＲＣ,住宅,住宅,,,,商業地域,80.0,400.0,2014年第2四半期,未改装,,7.3222192947339195
19000015,中古マンション等,,19201,山梨県,甲府市,相生,甲府,16,３ＬＤＫ,70,,,,平成31年,ＲＣ,住宅,住宅,,,,商業地域,80.0,400.0,2020年第3四半期,未改装,,7.491361693834273
19013460,中古マンション等,,19201,山梨県,甲府市,上石田,甲府,26,３ＬＤＫ,70,,,,平成2年,ＲＣ,住宅,,,,,第１種中高層住居専用地域,60.0,200.0,2011年第1四半期,改装済,,6.977723605288848
19002268,中古マンション等,,19201,山梨県,甲府市,丸の内,甲府,8,３ＬＤＫ,105,,,,平成22年,ＲＣ,住宅,,,,,商業地域,80.0,600.0,2018年第2四半期,未改装,,7.477121254719663
19028271,中古マンション等,,19201,山梨県,甲府市,川田町,石和温泉,10,３ＬＤＫ,80,,,,平成6年,ＲＣ,住宅,,,,,市街化調整区域,60.0,200.0,2008年第2四半期,未改装,,7.204119982655925
